Q1,Q2,Q3,Q4,Q5,Q6,CS_CP,Q7,Q8,Q9,EC_CP,Q10,Q11,Q12,Q13,PA_CP,Q14,Q15,Q16,Q17,Q18,PC_CP,Q19,Q20,Q21,Q22,ST_CP,Q24,Q25,Q26,Q27,Q28,Q29,CS_PP,Q30,Q31,Q32,EC_PP,Q33,Q34,Q35,Q36,PA_PP,Q37,Q38,Q39,Q40,Q41,PC_PP,Q42,Q43,Q44,Q45,ST_PP,CS_Diff,EC_Diff,PA_Diff,PC_Diff,ST_Diff,CS_Diff_abs,EC_Diff_abs,PA_Diff_abs,PC_Diff_abs,ST_Diff_abs
2,2,5,2,2,2,2.664,4,3,4,4.452,4,5,4,2,1.169,4,5,2,2,4,4.91,4,2,2,4,4,2,2,2,2,2,4,0.554,2,5,3,4.277,2,2,2,2,0.23,4,2,4,3,4,5.124,2,2,2,1,2.263,2.11,0.175,0.939,-0.214,1.737,2.263,2.11,0.175,0.939,0.214
1,1,3,4,1,3,0.409,4,2,4,4.004,5,3,3,3,1.923,4,5,3,4,3,4.338,4,4,3,1,4.27,3,2,4,1,2,5,1.149,4,4,3,4.417,5,2,3,2,3.047,4,4,4,3,4,5.124,4,4,4,2,4.526,-0.74,-0.413,-1.124,-0.786,-0.256,4.526,0.74,0.413,1.124,0.786
2,4,2,2,2,4,1.206,5,3,4,4.746,2,1,1,1,0.904,5,5,4,5,4,5.581,4,4,5,4,4.911,3,5,2,1,5,2,3.613,5,3,3,4.263,4,1,4,1,3.832,4,3,4,5,5,5.271,4,3,5,4,4.646,-2.407,0.483,-2.928,0.31,0.265,4.646,2.407,0.483,2.928,0.31
2,2,5,1,2,2,2.896,5,3,5,5.229,4,3,3,2,1.745,4,4,2,4,5,5.057,5,4,3,5,5.461,2,2,5,3,4,4,3.148,2,1,2,2.002,4,2,3,2,2.258,3,1,5,4,1,3.041,2,2,2,4,2.65,-0.252,3.227,-0.513,2.016,2.811,2.65,0.252,3.227,0.513,2.016
2,2,5,2,2,2,2.664,2,4,3,3.829,3,2,1,1,1.18,5,5,2,2,5,6.122,5,5,5,4,5.851,5,5,3,3,2,4,0.443,2,2,1,1.967,2,2,2,2,0.23,3,3,4,5,4,4.059,4,2,3,1,3.74,2.221,1.862,0.95,2.063,2.111,3.74,2.221,1.862,0.95,2.063
2,2,4,3,2,4,1.398,4,4,3,4.417,3,3,3,2,0.956,4,3,3,4,4,4.789,4,3,4,3,4.39,5,5,5,4,5,3,3.353,5,3,5,5.229,4,3,3,3,1.134,5,4,5,5,5,6.215,4,4,4,4,4.784,-1.955,-0.812,-0.178,-1.426,-0.394,4.784,1.955,0.812,0.178,1.426
2,2,2,3,2,4,0.322,3,4,4,4.606,3,3,4,4,0.184,4,4,3,4,4,4.789,4,3,2,2,4.007,2,2,4,4,2,4,1.166,5,3,4,4.746,4,2,2,4,0.586,4,5,3,4,4,4.789,4,4,4,1,4.397,-0.844,-0.14,-0.402,0,-0.39,4.397,0.844,0.14,0.402,0
2,4,3,4,1,5,0.426,5,2,5,4.781,2,1,4,2,1.643,4,4,3,5,4,4.637,4,2,2,2,3.742,1,1,3,4,1,5,-0.087,5,1,5,4.333,2,2,4,2,1.13,5,5,5,5,5,6.215,5,1,5,2,4.533,0.513,0.448,0.513,-1.578,-0.791,4.533,0.513,0.448,0.513,1.578
3,2,4,2,3,4,1.771,5,2,2,3.332,2,1,3,1,1.804,5,5,5,5,5,6.215,3,3,3,3,3.588,5,5,5,1,5,4,3.801,5,1,5,4.333,1,3,1,1,-0.911,5,5,5,5,5,6.215,5,1,5,1,4.404,-2.03,-1.001,2.715,0,-0.816,4.404,2.03,1.001,2.715,0
4,4,4,2,2,1,2.096,3,5,1,3.605,3,3,2,2,0.506,5,5,3,5,4,5.398,4,5,3,3,4.793,3,3,2,1,3,2,1.749,1,3,2,2.604,3,3,3,3,0.345,4,5,5,5,4,5.003,4,5,3,3,4.793,0.347,1.001,0.161,0.395,0,4.793,0.347,1.001,0.161,0.395
2,2,5,1,2,2,2.896,5,4,5,5.677,3,2,2,2,1.019,5,5,2,4,5,5.818,5,1,3,5,4.666,1,4,3,3,3,5,2.335,1,4,3,3.535,3,2,4,2,1.919,1,4,3,4,1,1.153,1,5,3,3,2.768,0.561,2.142,-0.9,4.665,1.898,2.768,0.561,2.142,0.9,4.665
2,4,2,2,2,4,1.206,2,4,4,4.312,2,2,4,4,-0.092,4,4,4,5,4,4.82,4,4,4,2,4.526,2,2,2,4,2,4,0.09,3,2,2,2.744,2,4,4,4,-1.118,4,2,4,2,4,5.276,2,4,4,5,3.563,1.116,1.568,1.026,-0.456,0.963,3.563,1.116,1.568,1.026,0.456
4,4,3,2,2,4,0.814,4,3,4,4.452,4,2,3,2,2.258,5,5,4,5,4,5.581,4,3,4,2,4.261,5,5,5,3,4,2,3.227,5,4,5,5.677,5,4,4,4,1.249,4,4,4,5,5,5.271,5,5,5,1,5.464,-2.413,-1.225,1.009,0.31,-1.203,5.464,2.413,1.225,1.009,0.31
2,2,3,4,2,2,1.124,4,3,4,4.452,3,3,3,2,0.956,4,5,4,5,4,4.82,4,3,4,2,4.261,5,5,5,4,1,2,1.177,5,5,5,6.125,4,4,4,4,0.46,4,5,4,5,4,4.82,5,5,5,1,5.464,-0.053,-1.673,0.496,0,-1.203,5.464,0.053,1.673,0.496,0
2,2,2,3,2,4,0.322,5,4,5,5.677,5,2,3,2,3.047,5,5,4,5,4,5.581,4,4,4,3,4.655,5,5,5,4,4,1,3.243,4,4,5,5.383,4,2,2,2,1.808,5,4,4,5,5,6.032,5,5,4,1,5.337,-2.921,0.294,1.239,-0.451,-0.682,5.337,2.921,0.294,1.239,0.451
2,4,2,2,2,4,1.206,5,5,5,6.125,3,3,3,2,0.956,5,5,5,5,4,5.764,4,4,3,2,4.399,5,5,5,3,4,4,2.731,5,4,5,5.677,5,2,4,1,4.108,4,4,5,5,5,5.454,5,5,5,2,5.593,-1.525,0.448,-3.152,0.31,-1.194,5.593,1.525,0.448,3.152,0.31
2,2,5,1,2,2,2.896,5,2,4,4.298,2,2,4,2,1.13,4,4,2,4,4,4.606,4,3,3,5,4.521,5,3,4,3,4,3,1.789,5,5,5,6.125,3,3,2,2,0.506,5,5,5,5,4,5.764,5,4,3,3,5.203,1.107,-1.827,0.624,-1.158,-0.682,5.203,1.107,1.827,0.624,1.158
5,2,5,1,1,5,0.151,3,5,4,5.054,4,2,2,3,1.197,4,5,2,5,5,4.905,5,5,5,1,5.464,5,4,4,2,3,3,1.741,4,3,5,4.935,3,2,3,3,0.858,5,5,4,5,5,6.032,5,3,5,2,5.063,-1.59,0.119,0.339,-1.127,0.401,5.063,1.59,0.119,0.339,1.127
3,4,4,4,4,4,2.565,5,4,5,5.677,5,2,4,2,3.497,4,3,4,2,3,4.825,4,3,4,2,4.261,4,2,4,2,4,4,1.912,4,4,3,4.417,3,1,4,2,2.432,4,5,2,5,5,4.905,4,2,4,1,3.867,0.653,1.26,1.065,-0.08,0.394,3.867,0.653,1.26,1.065,0.08
4,4,5,4,5,1,3.988,5,4,3,4.711,4,3,4,3,1.584,4,4,4,5,4,4.82,4,3,4,3,4.39,5,5,3,5,4,2,1.687,4,4,3,4.417,4,3,4,3,1.584,4,4,4,5,3,4.369,4,2,4,1,3.867,2.301,0.294,0,0.451,0.523,3.867,2.301,0.294,0,0.451
4,4,4,3,3,4,1.726,5,2,4,4.298,2,2,2,2,0.23,4,5,3,4,4,4.789,4,3,3,2,4.134,4,4,3,3,3,4,1.188,4,4,4,4.9,3,2,2,1,1.63,4,5,4,4,4,4.972,4,3,3,2,4.134,0.538,-0.602,-1.4,-0.183,0,4.134,0.538,0.602,1.4,0.183
1,2,1,3,2,2,0.745,2,4,2,3.346,5,4,4,2,2.471,4,5,3,5,2,3.735,2,4,4,4,3.434,4,2,4,4,2,4,0.236,4,2,4,4.004,4,2,2,2,1.808,2,4,2,2,4,3.388,4,4,4,2,4.526,0.509,-0.658,0.663,0.347,-1.092,4.526,0.509,0.658,0.663,0.347
2,4,2,2,2,4,1.206,4,4,3,4.417,4,4,4,3,1.071,4,4,3,5,4,4.637,4,2,3,2,3.869,2,3,3,4,3,4,1.56,3,4,4,4.606,4,4,4,2,1.682,4,3,4,4,4,4.972,4,3,3,2,4.134,-0.354,-0.189,-0.611,-0.335,-0.265,4.134,0.354,0.189,0.611,0.335
5,2,5,2,5,2,3.087,4,4,3,4.417,3,1,1,2,1.082,4,3,4,4,3,4.521,4,4,4,2,4.526,4,3,4,2,4,2,2.734,4,3,3,3.969,3,2,3,2,1.469,5,5,5,5,5,6.215,4,4,3,3,4.528,0.353,0.448,-0.387,-1.694,-0.002,4.528,0.353,0.448,0.387,1.694
2,2,5,2,2,2,2.664,2,4,4,4.312,4,2,2,2,1.808,3,3,2,2,4,4.149,3,4,4,4,4.109,4,2,3,2,4,5,1.126,2,2,3,2.933,4,2,2,1,2.419,2,2,4,2,4,3.754,2,4,3,3,3.178,1.538,1.379,-0.611,0.395,0.931,3.178,1.538,1.379,0.611,0.395
4,2,2,2,2,1,0.368,2,4,2,3.346,2,3,3,3,-0.444,5,4,2,2,4,5.671,4,4,2,4,4.53,2,2,3,5,2,4,0.396,4,3,2,3.486,5,2,2,2,2.597,2,5,2,4,2,2.182,5,5,4,1,5.337,-0.028,-0.14,-3.041,3.489,-0.807,5.337,0.028,0.14,3.041,3.489
2,2,4,3,2,2,1.894,3,4,4,4.606,4,1,1,1,2.482,3,3,2,5,3,3.242,3,2,2,4,3.325,5,5,5,2,4,2,3.459,4,5,5,5.831,4,1,1,1,2.482,4,4,5,5,5,5.454,3,3,4,2,3.586,-1.565,-1.225,0,-2.212,-0.261,3.586,1.565,1.225,0,2.212
3,2,3,4,3,5,0.521,5,5,4,5.642,3,2,2,1,1.63,5,5,3,4,3,5.099,4,3,2,4,4.265,2,2,5,4,2,5,1.456,5,5,4,5.642,3,2,4,1,2.53,4,3,2,2,2,4.008,3,3,2,4,3.59,-0.935,0,-0.9,1.091,0.675,3.59,0.935,0,0.9,1.091
4,1,3,4,4,4,0.584,4,5,4,5.348,3,2,2,2,1.019,5,2,4,5,3,5.13,2,4,5,4,3.561,5,5,4,4,4,4,1.961,5,4,4,5.194,4,2,3,1,2.869,4,5,5,5,5,5.454,5,5,5,2,5.593,-1.377,0.154,-1.85,-0.324,-2.032,5.593,1.377,0.154,1.85,0.324
4,2,4,4,2,2,0.732,2,5,4,4.76,4,3,2,2,1.295,5,4,2,5,3,4.764,3,4,4,2,3.851,5,2,3,2,2,4,-0.303,4,2,4,4.004,3,4,4,2,0.893,4,4,4,2,4,5.276,4,5,3,2,4.664,1.035,0.756,0.402,-0.512,-0.813,4.664,1.035,0.756,0.402,0.512
2,1,3,5,1,5,-0.784,2,3,1,2.415,5,2,2,1,3.208,4,1,3,2,2,4.191,4,4,4,5,4.913,2,2,5,2,3,3,3.022,2,4,3,3.829,2,2,2,2,0.23,4,5,5,4,4,5.155,4,2,3,1,3.74,-3.806,-1.414,2.978,-0.964,1.173,3.74,3.806,1.414,2.978,0.964
4,2,4,2,3,2,1.802,5,4,4,5.194,4,3,3,3,1.134,4,3,2,2,4,4.91,4,3,1,2,3.88,4,4,2,2,4,4,1.488,3,1,2,2.296,2,1,1,1,0.904,4,4,1,5,4,4.271,3,3,2,5,3.719,0.314,2.898,0.23,0.639,0.161,3.719,0.314,2.898,0.23,0.639
5,2,3,2,4,2,1.405,5,4,5,5.677,5,3,4,4,1.762,4,5,4,5,4,4.82,4,2,4,2,3.996,4,4,4,4,4,4,2.1,2,4,4,4.312,2,1,2,2,0.743,4,2,4,4,4,4.972,2,3,4,1,2.782,-0.695,1.365,1.019,-0.152,1.214,2.782,0.695,1.365,1.019,0.152
4,2,4,2,3,2,1.802,3,4,3,4.123,4,3,2,1,1.906,4,4,3,3,4,4.941,5,5,4,2,5.466,5,5,3,4,3,2,1.313,4,2,4,4.004,2,2,2,3,-0.381,4,4,5,5,4,5.003,4,2,3,2,3.869,0.489,0.119,2.287,-0.062,1.597,3.869,0.489,0.119,2.287,0.062
5,4,4,1,3,4,1.725,4,4,4,4.9,2,2,2,2,0.23,4,2,2,4,4,4.606,4,2,2,2,3.742,5,5,5,2,4,4,2.963,4,4,2,3.934,3,2,2,2,1.019,4,4,2,2,4,4.91,4,2,4,2,3.996,-1.238,0.966,-0.789,-0.304,-0.254,3.996,1.238,0.966,0.789,0.304
2,2,1,3,2,5,-0.464,3,5,2,4.088,2,1,1,1,0.904,5,5,4,5,2,4.679,1,3,3,4,2.367,5,5,5,1,5,1,4.545,5,5,5,6.125,2,1,1,1,0.904,5,5,2,5,5,5.666,2,2,4,2,2.646,-5.009,-2.037,0,-0.987,-0.279,2.646,5.009,2.037,0,0.987
1,2,1,3,2,2,0.745,2,3,2,2.898,3,2,4,3,1.308,3,5,3,5,2,2.974,2,4,2,4,3.18,3,4,4,3,4,2,3.293,4,4,4,4.9,4,3,3,3,1.134,4,4,4,2,4,5.276,4,4,4,2,4.526,-2.548,-2.002,0.174,-2.302,-1.346,4.526,2.548,2.002,0.174,2.302
2,2,5,4,1,4,1.098,4,5,3,4.865,4,1,2,4,1.099,4,1,2,1,2,4.16,4,2,3,4,4.127,1,1,1,1,1,2,0.277,1,4,1,2.569,4,2,2,2,1.808,4,4,2,5,4,4.454,4,2,5,1,3.994,0.821,2.296,-0.709,-0.294,0.133,3.994,0.821,2.296,0.709,0.294
2,4,2,3,3,2,2.076,4,4,3,4.417,4,2,2,3,1.197,5,4,4,2,2,5.135,4,4,4,3,4.655,2,4,4,4,2,2,2.314,4,4,2,3.934,2,2,2,2,0.23,3,4,2,4,4,3.845,4,4,4,3,4.655,-0.238,0.483,0.967,1.29,0,4.655,0.238,0.483,0.967,1.29
4,3,4,3,2,3,1.042,5,4,4,5.194,4,3,3,2,1.745,4,4,3,3,4,4.941,4,3,4,4,4.519,4,3,4,2,3,3,1.88,4,4,4,4.9,2,3,2,2,-0.283,4,3,2,2,2,4.008,3,3,3,3,3.588,-0.838,0.294,2.028,0.933,0.931,3.588,0.838,0.294,2.028,0.933
4,4,5,2,5,2,4.204,5,4,5,5.677,3,2,2,2,1.019,5,5,4,5,5,6.032,5,1,3,4,4.537,1,4,3,3,3,5,2.335,1,1,1,1.225,5,5,4,5,0.125,1,1,3,1,1,1.609,1,5,3,3,2.768,1.869,4.452,0.894,4.423,1.769,2.768,1.869,4.452,0.894,4.423
5,4,3,4,4,4,1.097,2,3,4,3.864,4,2,3,2,2.258,4,5,3,5,4,4.637,2,3,5,3,3.167,4,3,4,4,4,4,1.774,2,4,2,3.346,4,3,2,2,1.295,4,5,5,4,4,5.155,3,2,4,4,3.579,-0.677,0.518,0.963,-0.518,-0.412,3.579,0.677,0.518,0.963,0.518
2,2,4,3,4,2,3.106,5,3,4,4.746,4,3,4,3,1.584,5,4,1,2,4,5.488,4,2,3,3,3.998,5,5,2,5,5,4,1.259,5,3,5,5.229,5,5,5,3,1.797,5,5,5,5,5,6.215,5,3,5,4,5.321,1.847,-0.483,-0.213,-0.727,-1.323,5.321,1.847,0.483,0.213,0.727
2,4,2,2,2,4,1.206,4,4,4,4.9,2,2,2,3,-0.381,4,4,4,5,4,4.82,4,3,2,2,4.007,2,5,4,1,1,4,2.234,4,2,4,4.004,4,2,2,1,2.419,4,5,5,5,5,5.454,5,5,5,2,5.593,-1.028,0.896,-2.8,-0.634,-1.586,5.593,1.028,0.896,2.8,0.634
5,4,5,1,4,1,3.613,4,4,4,4.9,5,2,3,2,3.047,4,5,2,5,5,4.905,4,1,4,2,3.731,2,1,5,1,4,1,4.03,4,4,3,4.417,5,1,1,1,3.271,4,3,3,4,4,4.789,4,3,4,2,4.261,-0.417,0.483,-0.224,0.116,-0.53,4.261,0.417,0.483,0.224,0.116
3,2,4,2,3,5,1.523,5,5,5,6.125,2,2,4,3,0.519,4,5,3,4,5,5.24,5,4,4,4,5.459,2,3,4,1,2,4,2.188,3,5,3,4.571,2,3,3,4,-1.055,5,5,2,5,5,5.666,5,4,4,1,5.072,-0.665,1.554,1.574,-0.426,0.387,5.072,0.665,1.554,1.574,0.426
5,3,5,4,4,4,1.847,5,5,5,6.125,4,3,2,2,1.295,5,5,5,2,5,6.671,5,5,3,1,5.21,2,2,2,4,5,4,1.908,4,4,5,5.383,4,3,3,2,1.745,4,4,4,5,5,5.271,5,5,2,4,5.47,-0.061,0.742,-0.45,1.4,-0.26,5.47,0.061,0.742,0.45,1.4
3,3,4,3,2,3,1.507,4,3,4,4.452,5,3,3,2,2.534,4,5,4,5,4,4.82,4,3,4,4,4.519,4,3,4,3,4,3,2.254,4,4,3,4.417,4,3,3,2,1.745,4,2,4,5,5,5.271,5,5,5,2,5.593,-0.747,0.035,0.789,-0.451,-1.074,5.593,0.747,0.035,0.789,0.451
5,5,4,2,4,2,2.921,5,2,5,4.781,4,2,2,2,1.808,5,4,5,5,5,6.215,5,5,5,3,5.722,5,5,4,3,4,4,2.193,3,5,4,5.054,3,3,2,2,0.506,5,4,2,5,5,5.666,4,4,4,1,4.397,0.728,-0.273,1.302,0.549,1.325,4.397,0.728,0.273,1.302,0.549
5,5,4,1,4,3,2.905,4,5,5,5.831,4,3,4,2,2.195,4,4,2,4,4,4.606,4,3,4,2,4.261,5,2,4,4,2,4,-0.229,4,2,4,4.004,3,3,4,2,1.406,5,3,5,5,4,5.764,4,4,4,1,4.397,3.134,1.827,0.789,-1.158,-0.136,4.397,3.134,1.827,0.789,1.158
2,1,5,1,1,5,1.22,3,2,3,3.227,4,3,3,2,1.745,4,5,1,5,3,3.82,3,3,3,5,3.846,4,2,5,3,4,3,2.466,4,3,4,4.452,2,3,3,3,-0.444,3,3,3,2,4,4.332,4,4,3,1,4.27,-1.246,-1.225,2.189,-0.512,-0.424,4.27,1.246,1.225,2.189,0.512
2,1,3,3,4,2,2.242,1,5,1,3.017,4,2,3,1,2.869,5,5,3,2,4,5.854,3,5,5,4,4.501,3,3,4,4,2,4,1.027,2,5,2,3.794,4,2,1,1,1.969,5,3,2,5,3,4.764,3,5,5,4,4.501,1.215,-0.777,0.9,1.09,0,4.501,1.215,0.777,0.9,1.09
1,1,4,3,3,3,2.391,5,1,2,2.884,3,2,2,3,0.408,4,2,4,4,3,4.521,4,3,4,4,4.519,1,1,4,3,2,2,2.033,4,3,3,3.969,3,2,2,3,0.408,4,3,4,3,4,5.124,3,3,4,3,3.715,0.358,-1.085,0,-0.603,0.804,3.715,0.358,1.085,0,0.603
4,3,3,2,4,2,2.196,3,4,4,4.606,5,4,4,2,2.471,4,2,1,5,3,3.82,2,2,4,4,2.904,2,3,4,2,3,4,2.562,4,4,4,4.9,2,3,3,2,0.167,4,4,5,5,5,5.454,5,5,5,1,5.464,-0.366,-0.294,2.304,-1.634,-2.56,5.464,0.366,0.294,2.304,1.634
4,2,4,2,3,2,1.802,4,1,5,4.039,1,2,2,1,0.052,5,4,3,3,4,5.702,2,2,4,2,2.646,2,1,3,4,1,1,0.44,3,5,4,5.054,5,3,3,3,1.923,5,5,5,5,4,5.764,5,3,2,1,4.553,1.362,-1.015,-1.871,-0.062,-1.907,4.553,1.362,1.015,1.871,0.062
2,2,5,2,2,2,2.664,4,3,2,3.486,4,3,4,2,2.195,4,4,2,2,3,4.459,4,4,4,4,4.784,4,3,3,2,3,2,1.59,4,2,4,4.004,4,2,3,2,2.258,4,4,4,4,4,4.972,4,4,3,2,4.399,1.074,-0.518,-0.063,-0.513,0.385,4.399,1.074,0.518,0.063,0.513
5,2,5,1,1,5,0.151,5,1,4,3.85,4,4,4,4,0.46,5,5,2,5,5,5.666,2,2,2,1,2.263,1,1,5,5,1,5,0.757,5,5,5,6.125,5,1,4,2,4.01,5,5,5,5,5,6.215,5,2,5,1,4.669,-0.606,-2.275,-3.55,-0.549,-2.406,4.669,0.606,2.275,3.55,0.549
2,2,5,1,2,2,2.896,5,2,5,4.781,3,3,3,2,0.956,4,3,2,4,4,4.606,4,3,4,5,4.648,3,4,4,2,4,3,3.277,4,3,3,3.969,3,3,3,2,0.956,4,4,4,2,2,4.374,2,3,3,2,2.784,-0.381,0.812,0,0.232,1.864,2.784,0.381,0.812,0,0.232
2,3,3,2,2,3,1.666,3,4,3,4.123,4,4,4,4,0.46,5,5,2,4,4,5.367,2,4,5,3,3.432,3,2,4,2,4,4,2.377,3,4,4,4.606,2,2,2,2,0.23,4,4,4,3,4,5.124,4,3,5,3,4.517,-0.711,-0.483,0.23,0.243,-1.085,4.517,0.711,0.483,0.23,0.243
3,4,4,2,3,2,2.919,2,4,4,4.312,3,3,3,2,0.956,4,3,3,4,4,4.789,4,4,4,4,4.784,4,4,4,2,4,2,3.06,4,4,4,4.9,4,3,3,3,1.134,4,4,4,4,4,4.972,4,4,4,1,4.397,-0.141,-0.588,-0.178,-0.183,0.387,4.397,0.141,0.588,0.178,0.183
1,1,1,5,1,5,-1.395,1,4,2,3.052,3,4,5,3,0.732,4,5,2,1,4,5.062,3,5,4,3,4.245,1,1,4,4,2,4,1.305,3,4,4,4.606,2,1,2,1,1.354,4,5,5,4,5,5.606,5,5,4,1,5.337,-2.7,-1.554,-0.622,-0.544,-1.092,5.337,2.7,1.554,0.622,0.544
2,4,2,2,2,4,1.206,4,4,4,4.9,2,3,3,2,0.167,4,4,4,5,4,4.82,4,2,2,4,4,4,4,3,4,4,4,1.562,4,4,4,4.9,4,4,4,2,1.682,4,4,4,4,4,4.972,4,4,4,2,4.526,-0.356,0,-1.515,-0.152,-0.526,4.526,0.356,0,1.515,0.152
2,2,2,3,2,4,0.322,5,5,5,6.125,4,4,5,1,2.743,5,5,4,5,5,6.032,5,5,5,3,5.722,3,2,2,4,2,1,0.369,5,5,5,6.125,5,3,3,2,2.534,4,5,5,5,3,4.552,3,3,2,1,3.203,-0.047,0,0.209,1.48,2.519,3.203,0.047,0,0.209,1.48
5,2,4,4,5,2,2.085,2,3,1,2.415,4,4,4,3,1.071,4,4,2,5,2,3.552,2,4,4,2,3.176,3,2,4,2,4,2,2.873,4,4,4,4.9,4,4,4,2,1.682,4,3,4,4,4,4.972,4,2,4,2,3.996,-0.788,-2.485,-0.611,-1.42,-0.82,3.996,0.788,2.485,0.611,1.42
2,2,2,2,2,5,0.306,4,2,2,3.038,3,2,2,3,0.408,4,5,4,5,4,4.82,3,3,2,3,3.461,4,2,4,5,1,1,0.142,2,2,2,2.45,5,4,4,2,2.471,4,5,4,2,4,5.276,4,4,4,1,4.397,0.164,0.588,-2.063,-0.456,-0.936,4.397,0.164,0.588,2.063,0.456
3,2,2,2,2,2,0.585,4,4,3,4.417,4,2,3,2,2.258,4,4,4,3,4,5.124,3,3,3,3,3.588,1,1,2,2,2,4,0.693,3,4,2,3.64,2,2,2,2,0.23,4,2,2,3,1,3.405,2,2,2,3,2.521,-0.108,0.777,2.028,1.719,1.067,2.521,0.108,0.777,2.028,1.719
2,2,1,3,2,5,-0.464,5,5,5,6.125,5,1,1,1,3.271,5,5,5,5,3,5.313,4,3,5,3,4.517,5,5,5,1,5,1,4.545,5,5,5,6.125,5,1,1,1,3.271,5,5,5,5,5,6.215,5,5,5,1,5.464,-5.009,0,0,-0.902,-0.947,5.464,5.009,0,0,0.902
2,2,2,2,2,5,0.306,1,5,4,4.466,4,4,4,3,1.071,4,5,4,5,4,4.82,3,4,3,3,3.853,4,4,4,3,4,4,2.332,4,2,4,4.004,4,3,5,4,1.423,3,4,4,2,4,4.515,4,4,3,2,4.399,-2.026,0.462,-0.352,0.305,-0.546,4.399,2.026,0.462,0.352,0.305
2,2,2,2,2,5,0.306,4,4,3,4.417,5,2,2,3,1.986,4,3,4,3,4,5.124,5,2,4,2,4.671,4,5,4,4,4,2,2.922,3,5,4,5.054,5,3,1,4,0.412,4,2,4,5,3,4.369,4,3,5,3,4.517,-2.616,-0.637,1.574,0.755,0.154,4.517,2.616,0.637,1.574,0.755
2,2,2,2,2,5,0.306,4,4,4,4.9,4,3,3,2,1.745,5,5,4,5,5,6.032,4,4,4,3,4.655,2,4,3,4,3,3,2.134,4,4,4,4.9,3,3,3,2,0.956,4,5,5,5,4,5.003,4,4,5,2,4.653,-1.828,0,0.789,1.029,0.002,4.653,1.828,0,0.789,1.029
2,2,2,2,2,5,0.306,2,4,3,3.829,2,2,4,2,1.13,3,4,4,5,4,4.059,4,2,2,3,3.871,4,2,2,4,2,3,-0.592,5,4,4,5.194,3,2,4,2,1.919,3,4,2,3,4,3.997,3,3,3,2,3.459,0.898,-1.365,-0.789,0.062,0.412,3.459,0.898,1.365,0.789,0.062
2,2,2,2,2,5,0.306,5,4,4,5.194,4,4,4,2,1.682,5,5,4,5,4,5.581,2,2,2,3,2.521,5,4,4,2,5,2,3.201,2,2,4,3.416,2,4,2,1,-0.185,5,4,2,5,4,5.215,5,4,4,4,5.459,-2.895,1.778,1.867,0.366,-2.938,5.459,2.895,1.778,1.867,0.366
2,2,2,2,2,5,0.306,2,2,5,3.899,1,1,1,3,-1.107,5,5,4,5,5,6.032,1,1,1,3,1.454,5,5,4,3,5,1,3.543,3,5,3,4.571,5,1,5,1,5.071,5,3,1,5,5,5.483,1,5,5,1,2.764,-3.237,-0.672,-6.178,0.549,-1.31,2.764,3.237,0.672,6.178,0.549
2,2,2,2,2,5,0.306,4,4,2,3.934,5,4,4,2,2.471,5,4,4,5,4,5.581,2,2,2,3,2.521,5,4,4,2,5,4,2.705,2,2,4,3.416,2,4,2,1,-0.185,5,4,2,5,4,5.215,5,4,4,4,5.459,-2.399,0.518,2.656,0.366,-2.938,5.459,2.399,0.518,2.656,0.366
2,2,2,2,2,5,0.306,2,4,4,4.312,4,3,3,2,1.745,4,3,4,5,4,4.82,3,3,3,3,3.588,4,4,4,2,4,3,2.812,4,3,4,4.452,3,3,3,3,0.345,4,4,3,4,4,4.789,4,4,4,2,4.526,-2.506,-0.14,1.4,0.031,-0.938,4.526,2.506,0.14,1.4,0.031
2,2,2,2,2,5,0.306,4,2,4,4.004,4,2,3,2,2.258,4,5,4,5,5,5.271,4,3,4,3,4.39,4,4,3,3,2,4,0.582,3,3,4,4.158,4,3,3,2,1.745,4,4,4,4,4,4.972,3,3,4,3,3.715,-0.276,-0.154,0.513,0.299,0.675,3.715,0.276,0.154,0.513,0.299
4,3,5,2,3,4,2.17,3,4,5,5.089,5,2,4,3,2.886,3,3,5,5,5,4.693,4,2,3,5,4.256,4,4,3,5,3,2,1.22,4,3,4,4.452,5,1,1,1,3.271,4,5,5,5,5,5.454,5,3,3,4,5.067,0.95,0.637,-0.385,-0.761,-0.811,5.067,0.95,0.637,0.385,0.761
2,2,2,2,2,5,0.306,4,3,4,4.452,3,2,2,1,1.63,5,5,4,5,4,5.581,4,3,3,3,4.263,3,5,4,2,2,3,2.391,4,3,5,4.935,3,2,2,1,1.63,5,5,5,5,4,5.764,4,3,3,3,4.263,-2.085,-0.483,0,-0.183,0,4.263,2.085,0.483,0,0.183
2,2,2,2,2,5,0.306,2,4,4,4.312,2,2,3,2,0.68,4,5,5,5,5,5.454,3,3,4,3,3.715,1,2,3,1,3,2,2.891,4,3,4,4.452,5,2,3,2,3.047,3,4,3,5,2,2.974,3,2,4,4,3.579,-2.585,-0.14,-2.367,2.48,0.136,3.579,2.585,0.14,2.367,2.48
2,2,4,3,3,5,1.756,3,4,4,4.606,2,3,3,2,0.167,4,5,2,5,3,4.003,4,3,3,2,4.134,4,5,5,3,2,4,1.984,5,4,5,5.677,3,2,2,1,1.63,4,5,5,3,4,5.307,4,4,4,1,4.397,-0.228,-1.071,-1.463,-1.304,-0.263,4.397,0.228,1.071,1.463,1.304
3,1,1,2,1,3,-1.133,3,5,3,4.571,2,3,5,2,1.067,4,2,3,5,2,3.735,3,3,2,2,3.332,5,2,4,2,5,2,2.549,5,5,5,6.125,5,3,2,1,2.695,4,4,5,4,5,5.606,4,4,4,2,4.526,-3.682,-1.554,-1.628,-1.871,-1.194,4.526,3.682,1.554,1.628,1.871
2,1,2,2,2,4,0.228,3,3,3,3.675,2,2,3,2,0.68,4,4,2,5,3,4.003,3,3,3,2,3.459,3,3,3,4,3,3,1.343,4,4,4,4.9,4,2,3,2,2.258,4,4,2,4,4,4.606,4,4,4,2,4.526,-1.115,-1.225,-1.578,-0.603,-1.067,4.526,1.115,1.225,1.578,0.603
1,1,1,5,1,5,-1.395,1,3,1,2.121,2,2,3,2,0.68,4,5,2,5,2,3.552,2,4,2,2,2.922,2,2,2,3,2,2,0.818,4,4,4,4.9,4,2,2,2,1.808,1,4,4,2,5,3.444,5,2,5,1,4.669,-2.213,-2.779,-1.128,0.108,-1.747,4.669,2.213,2.779,1.128,0.108
2,2,5,1,2,2,2.896,4,4,4,4.9,2,1,1,1,0.904,5,2,5,1,3,5.921,5,4,5,4,5.586,4,4,4,2,2,4,1.352,2,5,5,5.243,5,3,2,2,2.084,5,5,2,3,5,5.97,5,3,5,4,5.321,1.544,-0.343,-1.18,-0.049,0.265,5.321,1.544,0.343,1.18,0.049
2,4,4,4,2,4,1.818,2,4,2,3.346,4,4,4,2,1.682,4,4,4,4,4,4.972,2,4,4,3,3.305,4,2,4,4,2,4,0.236,4,4,4,4.9,5,4,4,2,2.471,4,4,4,3,4,5.124,3,4,4,2,3.851,1.582,-1.554,-0.789,-0.152,-0.546,3.851,1.582,1.554,0.789,0.152
2,2,2,3,2,4,0.322,4,4,4,4.9,2,4,4,2,0.104,5,4,4,5,4,5.581,4,2,4,3,4.125,4,3,4,4,2,4,0.562,5,4,4,5.194,4,2,2,2,1.808,4,4,2,3,4,4.758,4,3,4,4,4.519,-0.24,-0.294,-1.704,0.823,-0.394,4.519,0.24,0.294,1.704,0.823
2,2,4,4,2,2,1.662,4,4,4,4.9,4,4,4,4,0.46,4,3,4,4,2,4.07,2,4,3,4,3.307,4,3,4,4,4,3,2.022,3,4,4,4.606,4,4,4,3,1.071,4,2,3,2,4,5.093,2,4,5,1,3.174,-0.36,0.294,-0.611,-1.023,0.133,3.174,0.36,0.294,0.611,1.023
3,2,2,3,2,3,0.105,4,3,4,4.452,3,2,2,2,1.019,4,5,4,5,2,3.918,4,3,4,4,4.519,4,2,2,4,2,4,-0.84,3,2,3,3.227,4,2,2,2,1.808,4,4,2,5,2,3.552,4,3,4,4,4.519,0.945,1.225,-0.789,0.366,0,4.519,0.945,1.225,0.789,0.366
4,3,2,2,4,3,1.41,4,3,4,4.452,2,2,2,3,-0.381,4,4,3,3,4,4.941,4,4,4,2,4.526,4,4,2,2,4,2,1.984,4,4,4,4.9,2,2,2,2,0.23,4,4,4,4,4,4.972,4,4,4,2,4.526,-0.574,-0.448,-0.611,-0.031,0,4.526,0.574,0.448,0.611,0.031
2,4,2,2,2,4,1.206,2,2,1,1.967,4,4,4,4,0.46,4,4,4,5,2,3.918,2,2,4,4,2.904,4,4,5,4,5,3,3.492,4,1,4,3.556,1,5,5,5,-2.581,5,5,5,2,2,5.318,2,2,3,4,2.777,-2.286,-1.589,3.041,-1.4,0.127,2.777,2.286,1.589,3.041,1.4
2,4,3,2,2,4,1.744,2,4,4,4.312,4,3,4,4,0.973,3,4,3,5,4,3.876,3,4,4,2,3.851,2,4,4,3,2,2,2.546,4,4,4,4.9,4,4,4,4,0.46,4,4,4,4,4,4.972,4,4,4,2,4.526,-0.802,-0.588,0.513,-1.096,-0.675,4.526,0.802,0.588,0.513,1.096
2,2,2,2,2,2,1.05,4,4,4,4.9,4,3,4,4,0.973,3,4,2,4,4,3.845,3,4,4,4,4.109,2,4,4,3,2,4,2.05,4,4,4,4.9,4,2,2,4,0.586,4,4,2,4,2,3.704,4,4,4,2,4.526,-1,0,0.387,0.141,-0.417,4.526,1,0,0.387,0.141
2,2,5,1,2,2,2.896,5,5,5,6.125,5,1,1,1,3.271,5,5,2,4,5,5.818,5,5,4,5,5.853,4,4,3,1,5,1,3.608,5,5,5,6.125,5,1,1,1,3.271,5,5,5,5,5,6.215,5,5,5,1,5.464,-0.712,0,0,-0.397,0.389,5.464,0.712,0,0,0.397
2,3,2,3,1,2,0.538,2,3,2,2.898,4,3,3,4,0.523,2,5,2,5,3,2.481,2,4,4,5,3.563,2,3,4,4,2,4,1.492,2,2,2,2.45,4,3,3,2,1.745,3,4,2,2,4,4.149,4,2,4,4,4.254,-0.954,0.448,-1.222,-1.668,-0.691,4.254,0.954,0.448,1.222,1.668
2,4,3,2,4,2,3.452,4,2,4,4.004,2,2,1,1,0.391,5,4,5,5,4,5.764,4,4,4,4,4.784,5,4,2,1,4,2,1.751,4,1,5,4.039,1,2,1,5,-2.842,5,5,5,5,5,6.215,5,5,1,3,5.214,1.701,-0.035,3.233,-0.451,-0.43,5.214,1.701,0.035,3.233,0.451
4,4,1,1,5,4,1.788,2,4,2,3.346,4,1,2,2,2.321,4,4,4,5,2,3.918,3,2,3,4,3.452,4,4,5,4,5,4,3.244,4,4,4,4.9,2,4,4,4,-1.118,5,4,5,5,5,6.215,5,2,2,2,4.417,-1.456,-1.554,3.439,-2.297,-0.965,4.417,1.456,1.554,3.439,2.297
2,2,5,1,2,2,2.896,5,2,5,4.781,4,2,2,2,1.808,5,5,2,4,4,5.367,5,2,3,5,4.931,2,4,3,2,3,2,2.846,2,4,3,3.829,2,2,2,2,0.23,4,4,2,4,3,4.155,4,2,2,2,3.742,0.05,0.952,1.578,1.212,1.189,3.742,0.05,0.952,1.578,1.212
2,2,3,4,2,2,1.124,4,4,4,4.9,4,3,3,2,1.745,4,4,4,5,4,4.82,4,2,2,2,3.742,4,2,2,2,4,3,1.084,4,4,4,4.9,4,3,2,2,1.295,4,4,4,4,4,4.972,4,4,4,2,4.526,0.04,0,0.45,-0.152,-0.784,4.526,0.04,0,0.45,0.152
4,4,4,4,2,2,1.384,4,4,4,4.9,4,3,1,1,1.456,5,5,5,5,4,5.764,3,2,5,2,3.448,5,4,4,4,4,5,1.387,5,3,5,5.229,5,5,4,4,0.736,5,5,4,5,2,4.679,5,5,5,4,5.851,-0.003,-0.329,0.72,1.085,-2.403,5.851,0.003,0.329,0.72,1.085
5,2,4,2,2,4,0.235,4,4,4,4.9,4,3,4,4,0.973,4,4,3,5,4,4.637,3,4,4,1,3.722,2,4,4,3,5,5,3.62,4,4,4,4.9,4,2,4,4,1.486,4,4,4,4,4,4.972,4,4,4,2,4.526,-3.385,0,-0.513,-0.335,-0.804,4.526,3.385,0,0.513,0.335
2,4,2,2,2,4,1.206,2,2,2,2.45,4,4,4,4,0.46,4,5,4,5,4,4.82,2,2,4,4,2.904,4,5,4,4,5,4,3.032,2,4,4,4.312,2,2,2,2,0.23,4,5,5,5,5,5.454,4,2,4,5,4.383,-1.826,-1.862,0.23,-0.634,-1.479,4.383,1.826,1.862,0.23,0.634
5,5,5,3,3,2,2.621,4,4,4,4.9,3,1,1,1,1.693,3,5,4,5,4,4.059,3,2,5,2,3.448,5,4,2,5,4,1,1.071,3,5,5,5.537,5,2,2,2,2.597,5,5,4,5,4,5.581,5,5,5,4,5.851,1.55,-0.637,-0.904,-1.522,-2.403,5.851,1.55,0.637,0.904,1.522
2,4,3,2,2,4,1.744,2,1,1,1.519,5,4,4,5,0.638,5,5,3,5,2,4.496,1,2,4,2,1.971,1,4,1,3,1,5,0.047,5,5,5,6.125,2,1,1,1,0.904,5,5,5,5,5,6.215,5,1,5,1,4.404,1.697,-4.606,-0.266,-1.719,-2.433,4.404,1.697,4.606,0.266,1.719
2,5,2,4,5,1,3.63,5,1,4,3.85,4,3,2,2,1.295,2,5,4,5,4,3.298,2,4,5,2,3.303,2,3,4,4,2,4,1.492,2,2,2,2.45,2,2,3,2,0.68,4,4,3,3,3,4.49,4,3,3,1,4.005,2.138,1.4,0.615,-1.192,-0.702,4.005,2.138,1.4,0.615,1.192
2,4,2,2,2,4,1.206,4,4,4,4.9,3,2,2,2,1.019,4,4,4,5,4,4.82,4,4,4,4,4.784,5,5,4,4,5,2,3.063,5,5,4,5.642,4,2,2,2,1.808,4,5,5,5,4,5.003,5,4,4,2,5.201,-1.857,-0.742,-0.789,-0.183,-0.417,5.201,1.857,0.742,0.789,0.183
4,2,4,2,3,2,1.802,4,2,4,4.004,2,4,4,1,0.715,3,4,2,4,4,3.845,4,4,4,2,4.526,2,4,3,2,4,4,2.956,4,2,4,4.004,2,4,4,1,0.715,2,5,4,4,4,3.45,4,4,4,4,4.784,-1.154,0,0,0.395,-0.258,4.784,1.154,0,0,0.395
2,2,5,1,2,2,2.896,5,5,5,6.125,5,1,1,1,3.271,5,5,2,4,5,5.818,5,5,5,5,5.98,5,5,5,2,4,1,3.707,5,5,5,6.125,5,1,1,1,3.271,5,5,5,5,5,6.215,5,5,5,1,5.464,-0.811,0,0,-0.397,0.516,5.464,0.811,0,0,0.397
2,4,4,2,2,4,2.282,4,1,1,2.107,1,2,2,2,-0.559,4,2,2,5,4,4.454,1,2,1,5,1.977,4,2,4,4,2,4,0.236,5,4,5,5.677,4,1,1,1,2.482,4,2,4,4,4,4.972,2,1,2,2,2.127,2.046,-3.57,-3.041,-0.518,-0.15,2.127,2.046,3.57,3.041,0.518
5,1,1,1,5,1,1.089,4,5,5,5.831,2,1,1,1,0.904,5,5,2,4,2,4.465,3,3,1,2,3.205,4,4,3,2,5,1,3.376,5,5,5,6.125,2,2,2,2,0.23,5,4,2,5,4,5.215,5,3,5,1,4.934,-2.287,-0.294,0.674,-0.75,-1.729,4.934,2.287,0.294,0.674,0.75
5,1,1,1,5,1,1.089,4,5,5,5.831,2,1,1,1,0.904,5,5,2,4,2,4.465,3,3,1,2,3.205,1,5,1,1,1,2,1.581,3,4,3,4.123,2,1,1,1,0.904,4,2,1,5,2,3.369,4,4,2,4,4.53,-0.492,1.708,0,1.096,-1.325,4.53,0.492,1.708,0,1.096
5,1,5,2,5,2,2.761,5,5,5,6.125,4,2,4,2,2.708,5,5,4,5,2,4.679,5,5,5,2,5.593,1,1,5,5,1,5,0.757,5,4,5,5.677,5,1,1,1,3.271,4,4,2,4,4,4.606,5,5,5,1,5.464,2.004,0.448,-0.563,0.073,0.129,5.464,2.004,0.448,0.563,0.073
5,4,2,3,5,1,2.141,5,5,5,6.125,2,2,4,2,1.13,5,5,4,4,4,5.733,4,5,5,1,4.789,2,2,5,5,2,5,1.224,4,5,5,5.831,5,1,1,1,3.271,5,5,2,5,5,5.666,5,5,5,2,5.593,0.917,0.294,-2.141,0.067,-0.804,5.593,0.917,0.294,2.141,0.067
3,2,3,4,2,2,0.659,3,4,3,4.123,5,4,4,3,1.86,4,5,3,4,4,4.789,2,5,5,3,3.697,4,4,4,4,4,4,2.1,5,4,4,5.194,5,4,3,2,2.021,4,5,5,5,5,5.454,5,4,5,1,5.199,-1.441,-1.071,-0.161,-0.665,-1.502,5.199,1.441,1.071,0.161,0.665
5,2,4,2,2,4,0.235,5,1,1,2.401,1,1,1,1,0.115,1,5,3,5,5,2.805,1,1,1,1,1.196,4,5,1,4,2,4,-0.4,4,4,2,3.934,5,4,4,2,2.471,4,3,2,4,4,4.606,4,4,5,2,4.653,0.635,-1.533,-2.356,-1.801,-3.457,4.653,0.635,1.533,2.356,1.801
5,2,5,2,5,2,3.087,5,5,5,6.125,4,2,4,2,2.708,5,5,4,5,2,4.679,5,5,5,2,5.593,1,1,5,5,1,5,0.757,5,4,5,5.677,5,1,1,1,3.271,4,4,2,4,4,4.606,5,5,5,1,5.464,2.33,0.448,-0.563,0.073,0.129,5.464,2.33,0.448,0.563,0.073
5,2,5,2,5,2,3.087,5,5,5,6.125,4,2,4,2,2.708,5,5,4,5,2,4.679,5,5,5,2,5.593,1,1,5,5,1,5,0.757,5,4,5,5.677,5,1,1,1,3.271,4,4,2,4,4,4.606,5,5,5,1,5.464,2.33,0.448,-0.563,0.073,0.129,5.464,2.33,0.448,0.563,0.073
5,1,1,1,5,1,1.089,4,5,5,5.831,2,1,1,1,0.904,5,5,2,4,2,4.465,3,3,1,2,3.205,4,1,5,2,2,4,0.912,5,5,4,5.642,2,1,1,1,0.904,5,4,1,2,2,4.586,1,1,1,2,1.325,0.177,0.189,0,-0.121,1.88,1.325,0.177,0.189,0,0.121
5,1,1,1,5,1,1.089,4,5,5,5.831,2,1,1,1,0.904,5,5,2,4,2,4.465,3,3,1,2,3.205,4,5,5,5,2,5,1.272,5,5,5,6.125,5,4,4,4,1.249,5,4,3,5,4,5.398,5,5,5,1,5.464,-0.183,-0.294,-0.345,-0.933,-2.259,5.464,0.183,0.294,0.345,0.933
5,1,1,1,5,1,1.089,4,5,5,5.831,2,1,1,1,0.904,5,5,2,4,2,4.465,3,3,1,2,3.205,2,2,5,5,2,4,1.472,4,5,4,5.348,5,2,1,1,2.758,5,4,1,5,4,5.032,5,5,5,1,5.464,-0.383,0.483,-1.854,-0.567,-2.259,5.464,0.383,0.483,1.854,0.567
5,2,5,2,5,2,3.087,5,5,5,6.125,4,2,4,2,2.708,5,5,4,5,2,4.679,5,5,5,2,5.593,1,1,5,5,1,5,0.757,5,4,5,5.677,5,1,1,1,3.271,4,4,2,4,4,4.606,5,5,5,1,5.464,2.33,0.448,-0.563,0.073,0.129,5.464,2.33,0.448,0.563,0.073
5,2,4,2,2,4,0.235,5,1,1,2.401,1,1,1,1,0.115,1,5,3,5,5,2.805,1,1,1,1,1.196,2,4,2,2,2,2,1.702,4,4,3,4.417,2,2,2,1,0.841,4,3,2,4,4,4.606,4,4,2,3,4.401,-1.467,-2.016,-0.726,-1.801,-3.205,4.401,1.467,2.016,0.726,1.801
5,1,1,1,5,1,1.089,4,5,5,5.831,2,1,1,1,0.904,5,5,2,4,2,4.465,3,3,1,2,3.205,4,4,3,2,5,1,3.376,5,5,5,6.125,2,2,2,2,0.23,5,4,2,5,4,5.215,5,3,5,1,4.934,-2.287,-0.294,0.674,-0.75,-1.729,4.934,2.287,0.294,0.674,0.75
5,2,4,2,2,4,0.235,5,1,1,2.401,1,1,1,1,0.115,1,5,3,5,5,2.805,1,1,1,1,1.196,2,5,2,2,2,2,2.028,4,4,2,3.934,2,2,2,1,0.841,4,2,2,4,4,4.606,4,4,3,4,4.657,-1.793,-1.533,-0.726,-1.801,-3.461,4.657,1.793,1.533,0.726,1.801
5,1,1,1,5,1,1.089,4,5,5,5.831,2,1,1,1,0.904,5,5,2,4,2,4.465,3,3,1,2,3.205,1,1,1,2,1,2,0.045,4,5,3,4.865,4,2,2,4,0.586,4,2,2,4,2,3.704,5,5,5,2,5.593,1.044,0.966,0.318,0.761,-2.388,5.593,1.044,0.966,0.318,0.761
5,2,5,2,5,2,3.087,5,5,5,6.125,4,2,4,2,2.708,5,5,4,5,2,4.679,5,5,5,2,5.593,1,1,5,5,1,5,0.757,5,4,5,5.677,5,1,1,1,3.271,4,4,2,4,4,4.606,5,5,5,1,5.464,2.33,0.448,-0.563,0.073,0.129,5.464,2.33,0.448,0.563,0.073
4,1,5,4,5,1,3.01,4,3,3,3.969,4,1,1,1,2.482,4,2,3,1,4,5.245,4,2,2,2,3.742,5,1,1,1,2,1,-0.729,4,4,3,4.417,2,1,1,1,0.904,4,3,1,5,4,4.271,5,2,3,1,4.415,3.739,-0.448,1.578,0.974,-0.673,4.415,3.739,0.448,1.578,0.974
1,5,5,4,5,1,5.709,5,5,5,6.125,5,1,2,2,3.11,5,5,5,5,5,6.215,5,5,5,4,5.851,4,3,3,2,3,2,1.59,4,2,4,4.004,4,2,3,2,2.258,4,4,4,4,4,4.972,4,4,3,1,4.27,4.119,2.121,0.852,1.243,1.581,4.27,4.119,2.121,0.852,1.243
4,2,4,2,3,2,1.802,5,4,5,5.677,4,1,1,1,2.482,4,3,2,4,4,4.606,3,4,4,2,3.851,2,2,2,1,2,1,1.53,5,5,5,6.125,5,1,1,1,3.271,5,4,4,5,5,6.032,5,5,5,1,5.464,0.272,-0.448,-0.789,-1.426,-1.613,5.464,0.272,0.448,0.789,1.426
4,5,1,4,2,4,-0.4,4,4,3,4.417,1,1,1,1,0.115,4,5,4,4,5,5.423,4,2,4,4,4.254,5,4,1,2,4,1,1.229,4,5,3,4.865,2,1,1,1,0.904,5,3,1,5,5,5.483,4,2,2,1,3.613,-1.629,-0.448,-0.789,-0.06,0.641,3.613,1.629,0.448,0.789,0.06
1,5,1,3,1,4,0.621,4,4,3,4.417,2,1,1,1,0.904,4,5,4,5,2,3.918,2,2,2,4,2.65,1,5,2,5,1,1,1.439,5,4,3,4.711,5,4,1,1,1.732,5,3,2,2,3,5.22,4,5,5,2,4.918,-0.818,-0.294,-0.828,-1.302,-2.268,4.918,0.818,0.294,0.828,1.302
1,5,1,1,1,5,0.837,4,4,3,4.417,2,1,1,1,0.904,4,5,2,5,2,3.552,2,2,2,4,2.65,1,1,1,1,1,1,0.525,4,4,3,4.417,1,1,1,1,0.115,4,3,5,4,4,5.155,3,2,2,1,2.938,0.312,0,0.789,-1.603,-0.288,2.938,0.312,0,0.789,1.603
1,5,1,1,1,5,0.837,4,4,3,4.417,2,1,1,1,0.904,4,5,3,5,2,3.735,2,2,2,1,2.263,1,1,4,4,4,1,3.261,4,4,5,5.383,4,1,1,1,2.482,4,5,1,4,4,4.423,4,4,5,5,5.04,-2.424,-0.966,-1.578,-0.688,-2.777,5.04,2.424,0.966,1.578,0.688
1,5,1,3,1,4,0.621,4,4,3,4.417,2,1,1,1,0.904,4,5,4,5,2,3.918,2,2,2,4,2.65,1,1,4,4,4,1,3.261,4,4,5,5.383,4,4,4,2,1.682,4,3,1,3,5,5.026,4,4,4,5,4.913,-2.64,-0.966,-0.778,-1.108,-2.263,4.913,2.64,0.966,0.778,1.108
1,5,1,1,1,5,0.837,4,4,3,4.417,2,1,1,1,0.904,4,5,3,5,2,3.735,2,2,2,1,2.263,2,2,2,1,2,1,1.53,5,5,5,6.125,5,1,1,2,2.66,4,5,5,5,5,5.454,5,5,5,1,5.464,-0.693,-1.708,-1.756,-1.719,-3.201,5.464,0.693,1.708,1.756,1.719
1,5,1,1,1,5,0.837,4,4,3,4.417,2,1,1,1,0.904,4,5,3,5,2,3.735,2,2,2,1,2.263,2,2,2,1,1,5,-0.068,3,4,3,4.123,4,1,1,1,2.482,4,5,1,5,4,4.271,2,4,5,5,3.69,0.905,0.294,-1.578,-0.536,-1.427,3.69,0.905,0.294,1.578,0.536
1,5,1,1,1,5,0.837,4,4,3,4.417,2,4,1,1,-0.635,5,5,3,5,2,4.496,2,2,2,1,2.263,1,5,1,1,1,1,1.829,5,5,3,5.159,2,1,1,1,0.904,4,3,4,4,4,4.972,4,2,4,1,3.867,-0.992,-0.742,-1.539,-0.476,-1.604,3.867,0.992,0.742,1.539,0.476
1,5,1,1,1,5,0.837,4,4,3,4.417,2,1,1,1,0.904,4,5,3,5,2,3.735,2,2,2,1,2.263,5,5,5,4,5,3,3.353,5,5,5,6.125,4,3,3,3,1.134,5,5,4,5,5,6.032,4,4,4,4,4.784,-2.516,-1.708,-0.23,-2.297,-2.521,4.784,2.516,1.708,0.23,2.297
1,5,1,1,1,5,0.837,4,4,3,4.417,2,1,1,1,0.904,4,5,3,5,2,3.735,2,2,2,1,2.263,5,5,5,4,5,3,3.353,5,5,5,6.125,4,3,3,3,1.134,5,5,4,5,5,6.032,4,4,4,4,4.784,-2.516,-1.708,-0.23,-2.297,-2.521,4.784,2.516,1.708,0.23,2.297
1,5,1,1,1,5,0.837,4,4,3,4.417,2,1,1,1,0.904,4,5,3,5,2,3.735,2,2,2,1,2.263,5,5,5,4,5,3,3.353,5,5,5,6.125,4,3,3,3,1.134,5,5,4,5,5,6.032,4,4,4,4,4.784,-2.516,-1.708,-0.23,-2.297,-2.521,4.784,2.516,1.708,0.23,2.297
5,4,5,3,3,2,2.295,5,4,5,5.677,2,1,1,1,0.904,4,4,2,4,2,3.704,4,4,4,2,4.526,5,5,5,4,5,3,3.353,5,5,5,6.125,4,3,3,3,1.134,5,5,4,5,5,6.032,4,4,4,4,4.784,-1.058,-0.448,-0.23,-2.328,-0.258,4.784,1.058,0.448,0.23,2.328
1,5,1,1,1,5,0.837,4,4,3,4.417,2,1,1,1,0.904,4,5,3,5,2,3.735,2,2,2,1,2.263,5,5,5,4,5,3,3.353,5,5,5,6.125,4,3,3,3,1.134,5,5,4,5,5,6.032,4,4,4,4,4.784,-2.516,-1.708,-0.23,-2.297,-2.521,4.784,2.516,1.708,0.23,2.297
1,1,4,4,1,4,0.699,1,4,1,2.569,5,4,3,2,2.021,4,4,2,5,2,3.552,2,4,4,2,3.176,3,2,3,4,2,2,0.659,3,4,2,3.64,2,3,4,3,0.006,2,4,2,3,3,2.785,4,3,4,2,4.261,0.04,-1.071,2.015,0.767,-1.085,4.261,0.04,1.071,2.015,0.767
4,2,4,4,4,4,1.448,4,4,4,4.9,3,2,2,2,1.019,5,4,4,5,4,5.581,4,2,4,4,4.254,4,4,4,4,4,4,2.1,4,4,5,5.383,4,2,2,2,1.808,4,5,5,5,5,5.454,5,5,5,1,5.464,-0.652,-0.483,-0.789,0.127,-1.21,5.464,0.652,0.483,0.789,0.127
2,2,3,2,2,2,1.588,4,3,4,4.452,3,2,2,2,1.019,4,4,3,3,4,4.941,2,3,3,2,2.784,4,4,3,4,4,4,1.562,4,2,4,4.004,4,3,4,4,0.973,4,3,4,4,4,4.972,4,4,5,2,4.653,0.026,0.448,0.046,-0.031,-1.869,4.653,0.026,0.448,0.046,0.031
5,2,4,2,2,4,0.235,5,1,1,2.401,1,1,1,1,0.115,1,5,3,5,5,2.805,1,1,1,1,1.196,5,5,1,4,2,1,-0.121,4,4,3,4.417,5,1,1,1,3.271,4,3,1,2,2,3.825,4,4,2,2,4.272,0.356,-2.016,-3.156,-1.02,-3.076,4.272,0.356,2.016,3.156,1.02
5,1,4,1,1,4,-0.465,4,4,3,4.417,5,3,4,2,2.984,4,4,2,4,3,4.155,4,4,4,2,4.526,4,2,2,4,2,4,-0.84,4,4,4,4.9,5,3,3,2,2.534,5,5,4,5,2,4.679,5,5,5,2,5.593,0.375,-0.483,0.45,-0.524,-1.067,5.593,0.375,0.483,0.45,0.524
1,1,1,2,1,4,-0.451,4,5,3,4.865,2,1,1,1,0.904,4,1,4,1,1,4.075,1,4,1,2,2.12,1,1,1,1,1,1,0.525,5,5,3,5.159,2,1,1,1,0.904,4,3,1,2,2,3.825,1,1,1,5,1.712,-0.976,-0.294,0,0.25,0.408,1.712,0.976,0.294,0,0.25
2,4,2,2,2,4,1.206,4,5,5,5.831,2,1,2,2,0.743,4,5,3,5,3,4.186,4,3,3,2,4.134,4,3,4,1,3,4,1.864,3,4,2,3.64,4,2,2,1,2.419,3,5,4,3,4,4.363,3,3,4,4,3.844,-0.658,2.191,-1.676,-0.177,0.29,3.844,0.658,2.191,1.676,0.177
5,2,4,2,2,4,0.235,5,1,1,2.401,1,1,1,1,0.115,1,5,3,5,5,2.805,1,1,1,1,1.196,1,1,1,1,1,1,0.525,4,5,3,4.865,1,1,1,1,0.115,5,4,2,5,4,5.215,5,2,2,1,4.288,-0.29,-2.464,0,-2.41,-3.092,4.288,0.29,2.464,0,2.41
1,5,1,4,1,4,0.389,3,5,3,4.571,4,1,1,1,2.482,4,2,5,4,2,4.253,4,2,4,4,4.254,1,5,1,1,1,1,1.829,5,5,3,5.159,1,1,1,1,0.115,4,3,2,4,5,5.057,3,2,2,1,2.938,-1.44,-0.588,2.367,-0.804,1.316,2.938,1.44,0.588,2.367,0.804
4,3,4,2,3,3,1.88,4,3,4,4.452,3,2,2,2,1.019,4,2,2,5,4,4.454,2,3,4,2,2.911,4,4,3,2,4,4,2.026,4,2,4,4.004,2,2,4,2,1.13,3,3,4,4,4,4.211,4,3,3,2,4.134,-0.146,0.448,-0.111,0.243,-1.223,4.134,0.146,0.448,0.111,0.243
3,2,4,3,2,4,0.933,4,3,2,3.486,2,4,4,2,0.104,4,4,2,2,4,4.91,4,2,3,3,3.998,2,2,2,4,2,4,0.09,3,3,2,3.192,2,3,3,2,0.167,4,4,3,3,4,4.941,3,4,3,3,3.853,0.843,0.294,-0.063,-0.031,0.145,3.853,0.843,0.294,0.063,0.031
2,2,2,2,2,5,0.306,4,4,3,4.417,4,2,2,2,1.808,4,3,4,4,4,4.972,4,4,4,4,4.784,2,3,3,4,4,3,2.414,4,4,5,5.383,4,2,2,2,1.808,4,3,3,4,5,5.24,4,4,4,1,4.397,-2.108,-0.966,0,-0.268,0.387,4.397,2.108,0.966,0,0.268
4,2,5,4,5,1,3.336,5,4,4,5.194,2,2,3,2,0.68,5,5,2,2,5,6.122,5,4,5,2,5.328,2,2,2,2,1,5,-0.3,3,5,5,5.537,1,4,4,3,-1.296,5,2,2,1,3,5.372,2,4,2,1,2.793,3.636,-0.343,1.976,0.75,2.535,2.793,3.636,0.343,1.976,0.75
3,3,4,4,3,1,2.377,5,3,5,5.229,5,2,2,2,2.597,5,5,2,5,5,5.666,4,4,5,2,4.653,5,5,5,1,5,1,4.545,5,4,5,5.677,5,1,1,1,3.271,5,5,5,5,5,6.215,5,3,5,1,4.934,-2.168,-0.448,-0.674,-0.549,-0.281,4.934,2.168,0.448,0.674,0.549
4,4,4,2,4,3,2.812,4,4,4,4.9,5,3,3,2,2.534,4,3,2,2,4,4.91,3,4,4,4,4.109,5,5,4,3,4,4,2.193,4,5,5,5.831,3,1,1,1,1.693,4,5,3,4,4,4.789,4,3,4,2,4.261,0.619,-0.931,0.841,0.121,-0.152,4.261,0.619,0.931,0.841,0.121
5,2,4,2,2,4,0.235,5,1,1,2.401,1,1,1,1,0.115,1,5,3,5,5,2.805,1,1,1,1,1.196,1,1,1,1,1,1,0.525,3,4,1,3.157,2,1,1,1,0.904,4,3,2,5,4,4.454,5,5,2,2,5.212,-0.29,-0.756,-0.789,-1.649,-4.016,5.212,0.29,0.756,0.789,1.649
5,2,4,2,2,4,0.235,5,1,1,2.401,1,1,1,1,0.115,1,5,3,5,5,2.805,1,1,1,1,1.196,1,1,1,1,1,1,0.525,5,4,4,5.194,2,1,1,1,0.904,4,3,2,2,2,4.008,2,1,2,4,2.385,-0.29,-2.793,-0.789,-1.203,-1.189,2.385,0.29,2.793,0.789,1.203
5,2,4,2,2,4,0.235,5,1,1,2.401,1,1,1,1,0.115,1,5,3,5,5,2.805,1,1,1,1,1.196,1,1,1,1,1,1,0.525,3,5,3,4.571,1,1,1,1,0.115,5,3,1,2,4,5.488,3,1,1,5,3.062,-0.29,-2.17,0,-2.683,-1.866,3.062,0.29,2.17,0,2.683
5,1,4,1,1,4,-0.465,5,1,1,2.401,1,1,1,1,0.115,1,5,2,4,5,2.774,1,1,1,1,1.196,2,1,3,5,2,4,0.07,3,3,3,3.675,2,3,3,3,-0.444,5,5,2,5,4,5.215,5,5,5,2,5.593,-0.535,-1.274,0.559,-2.441,-4.397,5.593,0.535,1.274,0.559,2.441
5,2,4,2,2,4,0.235,5,1,1,2.401,1,1,1,1,0.115,1,5,3,5,5,2.805,1,1,1,1,1.196,1,4,1,4,2,5,0.421,5,4,3,4.711,5,1,1,1,3.271,5,4,1,5,4,5.032,5,5,4,2,5.466,-0.186,-2.31,-3.156,-2.227,-4.27,5.466,0.186,2.31,3.156,2.227
5,2,4,2,2,4,0.235,5,4,4,5.194,5,3,3,2,2.534,5,3,3,5,4,5.398,5,5,5,1,5.464,1,5,1,1,1,1,1.829,5,5,3,5.159,1,1,1,1,0.115,4,3,2,4,5,5.057,3,2,2,1,2.938,-1.594,0.035,2.419,0.341,2.526,2.938,1.594,0.035,2.419,0.341
5,2,4,2,2,4,0.235,5,1,1,2.401,1,1,1,1,0.115,1,5,3,5,5,2.805,1,1,1,1,1.196,1,1,1,2,1,4,-0.451,4,5,3,4.865,5,1,1,1,3.271,4,4,2,5,4,4.454,5,5,2,2,5.212,0.686,-2.464,-3.156,-1.649,-4.016,5.212,0.686,2.464,3.156,1.649
5,1,1,1,1,5,-2.327,5,1,1,2.401,1,1,1,1,0.115,1,5,2,5,5,2.622,1,1,1,2,1.325,1,1,2,1,2,1,1.669,2,5,5,5.243,2,3,3,3,-0.444,5,3,5,5,2,4.862,2,2,2,5,2.779,-3.996,-2.842,0.559,-2.24,-1.454,2.779,3.996,2.842,0.559,2.24
5,2,4,2,2,4,0.235,5,1,1,2.401,1,1,1,1,0.115,1,5,3,5,5,2.805,1,1,1,1,1.196,1,1,1,1,1,1,0.525,3,4,1,3.157,2,1,1,1,0.904,4,3,2,5,4,4.454,5,5,2,2,5.212,-0.29,-0.756,-0.789,-1.649,-4.016,5.212,0.29,0.756,0.789,1.649
5,2,2,3,4,4,0.139,4,4,4,4.9,4,2,2,2,1.808,4,5,4,4,5,5.423,5,5,5,1,5.464,2,2,2,4,2,4,0.09,2,2,1,1.967,5,2,2,2,2.597,2,2,2,4,2,2.182,2,2,2,4,2.65,0.049,2.933,-0.789,3.241,2.814,2.65,0.049,2.933,0.789,3.241
1,5,1,1,1,5,0.837,2,2,2,2.45,4,2,2,2,1.808,2,2,3,5,2,2.213,2,2,2,1,2.263,4,4,4,2,4,2,3.06,4,4,2,3.934,2,4,4,4,-1.118,2,2,2,2,4,3.388,4,2,4,2,3.996,-2.223,-1.484,2.926,-1.175,-1.733,3.996,2.223,1.484,2.926,1.175
1,5,1,1,1,5,0.837,2,2,2,2.45,4,2,2,2,1.808,4,4,3,5,2,3.735,2,2,4,1,2.517,2,4,2,4,2,4,0.742,2,2,2,2.45,2,4,4,2,0.104,2,2,2,4,2,2.182,2,2,2,2,2.392,0.095,0,1.704,1.553,0.125,2.392,0.095,0,1.704,1.553
1,5,1,4,1,4,0.389,4,5,5,5.831,4,2,2,2,1.808,5,2,5,4,4,5.916,4,4,2,4,4.53,4,5,5,1,5,1,5.01,5,5,5,6.125,4,2,2,2,1.808,4,4,4,4,4,4.972,4,5,5,1,4.789,-4.621,-0.294,0,0.944,-0.259,4.789,4.621,0.294,0,0.944
1,5,3,4,5,4,3.889,5,4,5,5.677,3,2,2,2,1.019,4,4,4,2,4,5.276,4,4,4,1,4.397,4,4,4,2,4,1,3.308,5,5,5,6.125,5,1,1,1,3.271,5,5,5,5,5,6.215,5,5,5,1,5.464,0.581,-0.448,-2.252,-0.939,-1.067,5.464,0.581,0.448,2.252,0.939
2,4,2,2,2,4,1.206,4,4,4,4.9,2,2,2,2,0.23,4,4,4,5,4,4.82,3,3,4,4,3.844,5,5,5,1,5,1,4.545,5,5,5,6.125,4,2,2,1,2.419,5,5,5,5,5,6.215,5,5,5,2,5.593,-3.339,-1.225,-2.189,-1.395,-1.749,5.593,3.339,1.225,2.189,1.395
2,4,2,2,2,4,1.206,4,5,5,5.831,2,2,1,1,0.391,5,5,4,5,5,6.032,5,2,5,4,5.056,5,5,5,4,4,4,2.499,5,5,5,6.125,5,4,4,2,2.471,5,5,2,5,5,5.666,5,5,5,1,5.464,-1.293,-0.294,-2.08,0.366,-0.408,5.464,1.293,0.294,2.08,0.366
2,2,1,4,2,4,-0.448,2,2,2,2.45,3,3,3,3,0.345,2,2,2,5,2,2.03,3,3,3,2,3.459,2,2,2,4,2,4,0.09,2,2,2,2.45,2,2,2,4,-0.992,2,2,2,4,2,2.182,2,2,2,2,2.392,-0.538,0,1.337,-0.152,1.067,2.392,0.538,0,1.337,0.152
2,4,2,2,2,4,1.206,4,4,4,4.9,4,2,2,1,2.419,5,5,5,5,5,6.215,5,5,5,4,5.851,4,4,4,2,4,1,3.308,5,5,5,6.125,5,1,1,1,3.271,5,5,5,5,5,6.215,5,5,4,2,5.466,-2.102,-1.225,-0.852,0,0.385,5.466,2.102,1.225,0.852,0
4,4,5,2,5,2,4.204,4,4,4,4.9,4,2,1,1,1.969,5,4,4,5,4,5.581,4,4,5,4,4.911,2,2,2,4,2,4,0.09,2,2,2,2.45,4,2,2,2,1.808,2,2,2,2,2,2.486,2,2,2,2,2.392,4.114,2.45,0.161,3.095,2.519,2.392,4.114,2.45,0.161,3.095
4,2,4,2,3,2,1.802,4,4,4,4.9,4,2,2,2,1.808,5,4,2,4,4,5.367,4,4,4,2,4.526,2,2,2,4,4,4,1.302,2,2,2,2.45,2,4,4,2,0.104,4,4,2,2,2,4.008,2,2,2,4,2.65,0.5,2.45,1.704,1.359,1.876,2.65,0.5,2.45,1.704,1.359
3,2,2,2,2,2,0.585,4,4,2,3.934,2,2,2,2,0.23,5,2,5,4,4,5.916,4,2,2,4,4,2,2,2,4,2,4,0.09,2,2,2,2.45,4,2,2,2,1.808,4,2,2,2,2,4.008,2,2,2,4,2.65,0.495,1.484,-1.578,1.908,1.35,2.65,0.495,1.484,1.578,1.908
2,4,2,2,2,4,1.206,4,4,4,4.9,4,2,2,2,1.808,4,4,4,5,4,4.82,4,4,4,4,4.784,4,4,4,2,4,2,3.06,4,4,4,4.9,4,2,2,2,1.808,4,4,4,4,4,4.972,4,4,4,2,4.526,-1.854,0,0,-0.152,0.258,4.526,1.854,0,0,0.152
2,4,2,2,2,4,1.206,4,5,5,5.831,2,2,1,2,-0.22,5,5,4,5,5,6.032,5,2,5,4,5.056,5,5,4,1,5,1,4.007,5,5,5,6.125,4,1,1,1,2.482,4,4,3,2,4,5.093,4,2,5,1,3.994,-2.801,-0.294,-2.702,0.939,1.062,3.994,2.801,0.294,2.702,0.939
2,4,1,4,2,4,0.204,2,4,2,3.346,2,1,1,2,0.293,4,4,3,5,2,3.735,2,2,2,2,2.392,2,2,2,2,2,1,1.298,2,2,2,2.45,2,2,2,2,0.23,4,2,2,5,2,3.552,2,2,2,2,2.392,-1.094,0.896,0.063,0.183,0,2.392,1.094,0.896,0.063,0.183
4,3,4,1,5,1,3.82,4,5,5,5.831,5,2,2,2,2.597,4,2,2,2,5,5.361,5,2,5,1,4.669,5,5,5,1,5,1,4.545,5,4,4,5.194,4,2,2,1,2.419,4,5,4,2,5,5.727,5,2,5,1,4.669,-0.725,0.637,0.178,-0.366,0,4.669,0.725,0.637,0.178,0.366
1,1,1,5,1,5,-1.395,2,2,2,2.45,4,2,2,2,1.808,2,2,2,5,2,2.03,2,2,2,1,2.263,2,2,2,4,2,4,0.09,4,4,4,4.9,4,2,2,2,1.808,4,4,4,2,2,4.374,2,2,2,4,2.65,-1.485,-2.45,0,-2.344,-0.387,2.65,1.485,2.45,0,2.344
1,2,1,3,2,2,0.745,2,2,2,2.45,4,2,2,2,1.808,4,2,3,5,2,3.735,2,2,2,4,2.65,4,4,4,2,4,2,3.06,4,5,5,5.831,5,4,4,4,1.249,4,4,4,4,4,4.972,4,5,5,1,4.789,-2.315,-3.381,0.559,-1.237,-2.139,4.789,2.315,3.381,0.559,1.237
1,2,1,3,2,2,0.745,2,4,2,3.346,2,2,2,2,0.23,4,5,3,5,2,3.735,2,2,2,4,2.65,4,2,4,4,4,2,1.944,4,4,4,4.9,4,2,2,3,1.197,4,4,2,4,4,4.606,4,4,4,2,4.526,-1.199,-1.554,-0.967,-0.871,-1.876,4.526,1.199,1.554,0.967,0.871
2,4,1,4,2,4,0.204,4,4,2,3.934,4,2,2,1,2.419,5,5,3,5,4,5.398,4,1,2,2,3.477,1,1,1,2,1,2,0.045,2,4,2,3.346,2,2,2,2,0.23,4,1,1,4,2,3.521,2,2,2,4,2.65,0.159,0.588,2.189,1.877,0.827,2.65,0.159,0.588,2.189,1.877
1,1,1,5,1,5,-1.395,4,4,4,4.9,4,2,4,4,1.486,2,4,2,4,4,3.084,4,4,4,1,4.397,3,3,3,3,4,2,2.429,4,2,2,3.038,2,2,4,4,-0.092,2,2,2,2,2,2.486,2,3,2,3,2.786,-3.824,1.862,1.578,0.598,1.611,2.786,3.824,1.862,1.578,0.598
2,4,1,4,2,4,0.204,4,4,4,4.9,4,2,2,4,0.586,2,2,3,5,2,2.213,2,2,2,2,2.392,2,2,2,4,2,4,0.09,4,4,4,4.9,4,2,2,2,1.808,4,4,2,4,2,3.704,2,2,2,4,2.65,0.114,0,-1.222,-1.491,-0.258,2.65,0.114,0,1.222,1.491
2,2,1,4,2,4,-0.448,2,2,2,2.45,4,2,2,4,0.586,2,2,3,5,2,2.213,2,2,2,2,2.392,2,2,2,4,2,4,0.09,2,2,2,2.45,2,4,2,2,-0.796,2,2,2,2,2,2.486,2,2,2,4,2.65,-0.538,0,1.382,-0.273,-0.258,2.65,0.538,0,1.382,0.273
1,5,1,4,1,4,0.389,2,4,2,3.346,2,4,4,2,0.104,2,4,5,4,2,2.731,2,1,1,4,2.258,1,1,1,2,1,2,0.045,1,1,1,1.225,1,2,2,2,-0.559,4,2,2,5,4,4.454,4,2,2,4,4,0.344,2.121,0.663,-1.723,-1.742,4,0.344,2.121,0.663,1.723
2,4,1,4,2,4,0.204,2,2,2,2.45,4,2,2,2,1.808,2,2,3,5,2,2.213,2,2,2,2,2.392,2,2,2,2,1,2,0.444,4,4,2,3.934,2,1,1,1,0.904,4,2,2,5,4,4.454,4,2,2,4,4,-0.24,-1.484,0.904,-2.241,-1.608,4,0.24,1.484,0.904,2.241
2,4,1,4,2,4,0.204,2,2,2,2.45,4,2,2,2,1.808,4,2,3,5,2,3.735,2,2,2,2,2.392,2,2,2,2,1,2,0.444,4,4,2,3.934,2,1,1,1,0.904,4,2,2,5,4,4.454,4,2,2,4,4,-0.24,-1.484,0.904,-0.719,-1.608,4,0.24,1.484,0.904,0.719
2,4,1,4,2,4,0.204,2,2,4,3.416,4,2,2,2,1.808,2,1,3,5,1,1.762,1,1,1,2,1.325,2,2,2,2,1,2,0.444,4,4,2,3.934,2,1,1,1,0.904,4,2,2,5,4,4.454,4,2,2,4,4,-0.24,-0.518,0.904,-2.692,-2.675,4,0.24,0.518,0.904,2.692
2,4,1,4,2,4,0.204,4,4,4,4.9,4,2,2,2,1.808,4,2,3,5,2,3.735,2,2,2,2,2.392,2,2,2,2,1,2,0.444,4,4,2,3.934,2,1,1,1,0.904,4,2,2,5,4,4.454,4,2,2,4,4,-0.24,0.966,0.904,-0.719,-1.608,4,0.24,0.966,0.904,0.719
2,4,1,4,2,4,0.204,2,4,4,4.312,4,2,2,2,1.808,2,2,3,5,2,2.213,2,2,2,2,2.392,2,2,2,2,1,2,0.444,4,4,2,3.934,2,1,1,1,0.904,4,2,2,5,4,4.454,4,2,2,4,4,-0.24,0.378,0.904,-2.241,-1.608,4,0.24,0.378,0.904,2.241
2,4,1,4,2,4,0.204,1,5,5,4.949,5,1,1,1,3.271,2,2,3,5,3,2.664,3,2,2,2,3.067,2,2,2,2,1,2,0.444,4,4,2,3.934,2,1,1,1,0.904,4,2,2,5,4,4.454,4,2,2,4,4,-0.24,1.015,2.367,-1.79,-0.933,4,0.24,1.015,2.367,1.79
2,4,1,4,2,4,0.204,2,2,4,3.416,4,2,2,2,1.808,4,2,3,5,2,3.735,2,2,2,2,2.392,2,2,2,2,1,2,0.444,4,4,2,3.934,2,1,1,1,0.904,4,2,2,5,4,4.454,4,2,2,4,4,-0.24,-0.518,0.904,-0.719,-1.608,4,0.24,0.518,0.904,0.719
2,4,2,4,2,4,0.742,2,2,2,2.45,2,4,2,2,-0.796,4,2,2,2,2,4.008,2,2,2,4,2.65,2,2,2,2,1,2,0.444,4,4,2,3.934,2,1,1,1,0.904,4,2,2,5,4,4.454,4,2,2,4,4,0.298,-1.484,-1.7,-0.446,-1.35,4,0.298,1.484,1.7,0.446
1,2,2,5,2,5,0.075,2,2,2,2.45,2,2,2,2,0.23,4,4,2,4,4,4.606,4,2,2,1,3.613,2,2,4,2,4,2,3.338,4,4,4,4.9,4,2,2,2,1.808,4,4,2,4,4,4.606,4,4,4,4,4.784,-3.263,-2.45,-1.578,0,-1.171,4.784,3.263,2.45,1.578,0
1,5,1,1,1,5,0.837,2,4,4,4.312,4,2,2,2,1.808,2,2,3,5,2,2.213,2,2,2,1,2.263,2,2,2,2,1,2,0.444,4,4,2,3.934,2,1,1,1,0.904,4,2,2,5,4,4.454,4,2,2,4,4,0.393,0.378,0.904,-2.241,-1.737,4,0.393,0.378,0.904,2.241
1,5,1,1,1,5,0.837,2,2,2,2.45,2,2,2,2,0.23,2,2,3,5,2,2.213,2,2,2,1,2.263,4,4,4,2,4,2,3.06,4,4,4,4.9,4,2,2,2,1.808,4,4,4,4,4,4.972,4,4,5,1,4.524,-2.223,-2.45,-1.578,-2.759,-2.261,4.524,2.223,2.45,1.578,2.759
2,4,2,2,2,4,1.206,2,4,2,3.346,4,4,4,4,0.46,4,5,4,4,4,4.972,4,2,4,2,3.996,3,4,2,2,2,4,0.741,2,4,2,3.346,4,4,4,4,0.46,4,4,2,5,2,3.552,4,2,4,1,3.867,0.465,0,0,1.42,0.129,3.867,0.465,0,0,1.42
2,2,2,4,2,4,0.09,5,5,5,6.125,2,1,1,1,0.904,5,5,4,5,5,6.032,5,2,5,1,4.669,4,4,5,1,5,4,3.94,5,3,5,5.229,5,1,1,1,3.271,5,5,5,5,5,6.215,5,2,5,1,4.669,-3.85,0.896,-2.367,-0.183,0,4.669,3.85,0.896,2.367,0.183
2,4,2,2,2,4,1.206,4,4,4,4.9,4,2,2,2,1.808,4,5,4,5,5,5.271,5,5,5,4,5.851,4,4,5,1,5,1,4.684,5,5,5,6.125,5,1,2,2,3.11,4,4,4,4,4,4.972,4,4,4,2,4.526,-3.478,-1.225,-1.302,0.299,1.325,4.526,3.478,1.225,1.302,0.299
2,4,2,2,2,4,1.206,4,4,4,4.9,4,2,2,2,1.808,4,4,5,4,4,5.155,4,4,4,3,4.655,2,2,4,2,4,2,3.338,4,4,4,4.9,4,2,2,2,1.808,4,5,5,5,5,5.454,5,5,4,2,5.466,-2.132,0,0,-0.299,-0.811,5.466,2.132,0,0,0.299
2,2,3,3,2,4,0.86,3,4,3,4.123,3,4,4,4,-0.329,4,4,2,5,3,4.003,2,3,3,2,2.784,4,4,3,2,4,4,2.026,4,4,4,4.9,2,2,2,2,0.23,4,4,4,4,4,4.972,4,3,4,2,4.261,-1.166,-0.777,-0.559,-0.969,-1.477,4.261,1.166,0.777,0.559,0.969
2,2,2,2,2,2,1.05,4,4,4,4.9,4,2,2,2,1.808,4,4,4,4,4,4.972,4,4,4,2,4.526,2,2,2,4,2,4,0.09,2,2,2,2.45,4,2,2,2,1.808,4,4,2,4,4,4.606,4,2,2,4,4,0.96,2.45,0,0.366,0.526,4,0.96,2.45,0,0.366
1,2,1,3,2,2,0.745,3,3,2,3.192,4,2,3,1,2.869,2,5,3,5,2,2.213,1,2,2,4,1.975,2,2,2,4,2,4,0.09,2,2,2,2.45,4,2,2,2,1.808,4,4,4,4,4,4.972,4,2,2,4,4,0.655,0.742,1.061,-2.759,-2.025,4,0.655,0.742,1.061,2.759
1,4,5,4,4,1,4.777,5,5,5,6.125,2,1,2,1,1.354,5,4,5,5,5,6.215,5,4,5,4,5.586,1,1,2,4,2,4,0.229,4,4,4,4.9,4,1,1,1,2.482,4,3,4,4,5,5.423,2,4,5,5,3.69,4.548,1.225,-1.128,0.792,1.896,3.69,4.548,1.225,1.128,0.792
1,4,5,4,4,1,4.777,5,5,5,6.125,2,1,2,1,1.354,5,4,5,5,5,6.215,5,4,5,4,5.586,1,1,2,4,2,4,0.229,4,4,4,4.9,4,1,1,1,2.482,4,3,4,4,5,5.423,2,4,5,5,3.69,4.548,1.225,-1.128,0.792,1.896,3.69,4.548,1.225,1.128,0.792
1,4,5,4,4,1,4.777,5,5,5,6.125,2,1,2,1,1.354,5,4,5,5,5,6.215,5,4,5,4,5.586,1,5,2,2,4,1,3.953,4,5,5,5.831,2,3,3,2,0.167,5,4,4,5,5,6.032,4,2,4,2,3.996,0.824,0.294,1.187,0.183,1.59,3.996,0.824,0.294,1.187,0.183
1,4,5,4,4,1,4.777,5,5,5,6.125,2,1,2,1,1.354,5,4,5,5,5,6.215,5,4,5,4,5.586,1,5,2,2,4,1,3.953,4,5,5,5.831,2,3,3,2,0.167,5,4,4,5,5,6.032,4,2,4,2,3.996,0.824,0.294,1.187,0.183,1.59,3.996,0.824,0.294,1.187,0.183
1,4,5,4,4,1,4.777,5,5,5,6.125,2,1,2,1,1.354,5,4,5,5,5,6.215,5,4,5,4,5.586,1,5,1,1,1,1,1.829,4,4,3,4.417,2,1,1,1,0.904,4,3,1,5,2,3.369,2,2,2,4,2.65,2.948,1.708,0.45,2.846,2.936,2.65,2.948,1.708,0.45,2.846
1,4,5,4,4,1,4.777,5,5,5,6.125,2,1,2,1,1.354,5,4,5,5,5,6.215,5,4,5,4,5.586,1,5,1,1,1,1,1.829,4,4,3,4.417,2,1,1,1,0.904,4,3,1,5,2,3.369,2,2,2,4,2.65,2.948,1.708,0.45,2.846,2.936,2.65,2.948,1.708,0.45,2.846
1,4,5,4,4,1,4.777,5,5,5,6.125,2,1,2,1,1.354,5,4,5,5,5,6.215,5,4,5,4,5.586,1,4,2,2,2,1,2.415,5,5,5,6.125,2,1,1,1,0.904,5,3,2,5,5,5.666,5,2,4,2,4.671,2.362,0,0.45,0.549,0.915,4.671,2.362,0,0.45,0.549
1,4,5,4,4,1,4.777,5,5,5,6.125,2,1,2,1,1.354,5,4,5,5,5,6.215,5,4,5,4,5.586,1,4,2,2,2,1,2.415,5,5,5,6.125,2,1,1,1,0.904,5,3,2,5,5,5.666,5,2,4,2,4.671,2.362,0,0.45,0.549,0.915,4.671,2.362,0,0.45,0.549
1,4,5,4,4,1,4.777,5,5,5,6.125,2,1,2,1,1.354,5,4,5,5,5,6.215,5,4,5,4,5.586,1,4,2,2,2,1,2.415,5,5,5,6.125,2,1,1,1,0.904,5,3,2,5,5,5.666,5,2,4,2,4.671,2.362,0,0.45,0.549,0.915,4.671,2.362,0,0.45,0.549
1,4,5,4,4,1,4.777,5,5,5,6.125,2,1,2,1,1.354,5,4,5,5,5,6.215,5,4,5,4,5.586,1,4,2,2,2,1,2.415,5,5,5,6.125,2,1,1,1,0.904,5,3,2,5,5,5.666,5,2,4,2,4.671,2.362,0,0.45,0.549,0.915,4.671,2.362,0,0.45,0.549
1,1,5,2,1,2,2.197,4,5,5,5.831,4,4,2,1,1.393,4,4,2,4,4,4.606,4,2,4,2,3.996,5,2,3,5,4,4,0.213,5,5,5,6.125,5,4,4,3,1.86,5,5,5,5,5,6.215,5,5,5,5,5.98,1.984,-0.294,-0.467,-1.609,-1.984,5.98,1.984,0.294,0.467,1.609
2,2,4,4,2,2,1.662,5,4,4,5.194,4,1,1,1,2.482,4,2,2,3,4,4.758,4,2,2,3,3.871,4,2,2,1,2,1,0.6,5,5,4,5.642,2,1,1,1,0.904,5,4,5,5,4,5.764,4,2,4,2,3.996,1.062,-0.448,1.578,-1.006,-0.125,3.996,1.062,0.448,1.578,1.006
2,2,4,4,2,2,1.662,5,4,4,5.194,4,1,1,1,2.482,4,2,2,3,4,4.758,4,2,2,3,3.871,2,5,5,4,5,1,5.244,5,5,5,6.125,5,1,1,1,3.271,5,4,5,5,5,6.215,5,4,5,1,5.199,-3.582,-0.931,-0.789,-1.457,-1.328,5.199,3.582,0.931,0.789,1.457
1,5,1,3,1,4,0.621,5,5,3,5.159,2,1,1,1,0.904,5,5,4,5,3,5.13,4,2,5,4,4.381,2,2,5,5,2,5,1.224,5,5,5,6.125,5,1,1,1,3.271,5,4,1,5,4,5.032,5,5,5,1,5.464,-0.603,-0.966,-2.367,0.098,-1.083,5.464,0.603,0.966,2.367,0.098
1,5,1,3,1,4,0.621,5,5,3,5.159,2,1,1,1,0.904,5,5,4,5,3,5.13,4,2,5,4,4.381,2,2,2,1,2,1,1.53,5,5,5,6.125,5,1,1,1,3.271,5,4,4,5,5,6.032,5,5,5,1,5.464,-0.909,-0.966,-2.367,-0.902,-1.083,5.464,0.909,0.966,2.367,0.902
1,1,1,3,1,4,-0.683,4,4,5,5.383,2,3,4,1,1.228,4,4,4,4,2,4.07,4,2,4,4,4.254,2,2,5,5,2,5,1.224,5,5,5,6.125,5,1,1,1,3.271,5,4,1,5,4,5.032,5,5,5,1,5.464,-1.907,-0.742,-2.043,-0.962,-1.21,5.464,1.907,0.742,2.043,0.962
1,5,1,3,1,4,0.621,5,5,3,5.159,2,1,1,1,0.904,5,5,4,5,3,5.13,4,2,5,4,4.381,2,2,2,1,2,1,1.53,5,5,5,6.125,5,1,1,1,3.271,5,4,4,5,5,6.032,5,5,5,1,5.464,-0.909,-0.966,-2.367,-0.902,-1.083,5.464,0.909,0.966,2.367,0.902
5,2,5,2,5,2,3.087,5,5,5,6.125,4,1,2,1,2.932,5,5,4,5,5,6.032,5,5,5,2,5.593,2,2,5,5,2,5,1.224,5,5,5,6.125,5,1,1,1,3.271,5,4,1,5,4,5.032,5,5,5,1,5.464,1.863,0,-0.339,1,0.129,5.464,1.863,0,0.339,1
2,2,5,2,2,2,2.664,5,5,5,6.125,5,1,1,1,3.271,5,5,2,2,4,5.671,5,5,5,4,5.851,2,2,5,5,2,5,1.224,5,5,5,6.125,5,1,1,1,3.271,5,4,1,5,4,5.032,5,5,5,1,5.464,1.44,0,0,0.639,0.387,5.464,1.44,0,0,0.639
1,1,1,5,1,5,-1.395,5,5,5,6.125,5,2,1,1,2.758,5,5,4,5,2,4.679,5,5,5,2,5.593,2,2,5,5,2,5,1.224,5,5,5,6.125,5,1,1,1,3.271,5,4,1,5,4,5.032,5,5,5,1,5.464,-2.619,0,-0.513,-0.353,0.129,5.464,2.619,0,0.513,0.353
1,1,5,2,1,2,2.197,4,5,5,5.831,4,4,2,1,1.393,4,4,2,4,4,4.606,4,2,4,2,3.996,5,2,3,5,4,4,0.213,5,5,5,6.125,5,4,4,3,1.86,5,5,5,5,5,6.215,5,5,5,5,5.98,1.984,-0.294,-0.467,-1.609,-1.984,5.98,1.984,0.294,0.467,1.609
1,5,5,4,2,5,2.899,5,5,4,5.642,4,1,1,1,2.482,5,5,4,5,4,5.581,3,2,2,5,3.454,1,1,4,3,2,2,2.033,5,5,4,5.642,5,2,2,1,3.208,5,5,4,4,4,5.733,5,2,4,1,4.542,0.866,0,-0.726,-0.152,-1.088,4.542,0.866,0,0.726,0.152
5,2,5,2,5,2,3.087,5,5,5,6.125,4,1,2,1,2.932,5,5,4,5,5,6.032,5,5,5,2,5.593,2,2,5,5,2,5,1.224,5,5,5,6.125,5,1,1,1,3.271,5,4,1,5,4,5.032,5,5,5,1,5.464,1.863,0,-0.339,1,0.129,5.464,1.863,0,0.339,1
1,1,4,2,2,4,1.769,5,5,4,5.642,3,1,1,1,1.693,5,4,3,4,4,5.55,5,2,2,4,4.675,1,5,1,4,2,1,1.739,5,5,3,5.159,2,1,1,1,0.904,5,3,1,5,4,5.032,4,4,4,5,4.913,0.03,0.483,0.789,0.518,-0.238,4.913,0.03,0.483,0.789,0.518
2,2,4,4,2,2,1.662,5,4,4,5.194,4,1,1,1,2.482,4,2,2,3,4,4.758,4,2,2,3,3.871,4,2,2,1,2,1,0.6,5,5,4,5.642,2,1,1,1,0.904,5,4,5,5,4,5.764,4,2,4,2,3.996,1.062,-0.448,1.578,-1.006,-0.125,3.996,1.062,0.448,1.578,1.006
5,2,5,2,5,2,3.087,5,5,5,6.125,4,1,2,1,2.932,5,5,4,5,5,6.032,5,5,5,2,5.593,2,2,5,5,2,5,1.224,5,5,5,6.125,5,1,1,1,3.271,5,4,1,5,4,5.032,5,5,5,1,5.464,1.863,0,-0.339,1,0.129,5.464,1.863,0,0.339,1
1,5,1,3,1,4,0.621,5,5,3,5.159,2,1,1,1,0.904,5,5,4,5,3,5.13,4,2,5,4,4.381,2,2,2,1,2,1,1.53,5,5,5,6.125,5,1,1,1,3.271,5,4,4,5,5,6.032,5,5,5,1,5.464,-0.909,-0.966,-2.367,-0.902,-1.083,5.464,0.909,0.966,2.367,0.902
2,2,4,4,2,2,1.662,5,4,4,5.194,4,1,1,1,2.482,4,2,2,3,4,4.758,4,2,2,3,3.871,2,5,5,4,5,1,5.244,5,5,5,6.125,5,1,1,1,3.271,5,4,5,5,5,6.215,5,4,5,1,5.199,-3.582,-0.931,-0.789,-1.457,-1.328,5.199,3.582,0.931,0.789,1.457
2,4,2,2,2,4,1.206,5,5,5,6.125,5,1,1,1,3.271,5,5,4,5,5,6.032,5,5,5,4,5.851,1,5,1,2,1,1,1.597,5,5,3,5.159,2,1,1,1,0.904,5,3,2,5,3,4.764,4,2,5,2,4.123,-0.391,0.966,2.367,1.268,1.728,4.123,0.391,0.966,2.367,1.268
2,2,5,2,2,2,2.664,5,5,5,6.125,5,1,1,1,3.271,5,5,2,2,4,5.671,5,5,5,4,5.851,2,2,5,5,2,5,1.224,5,5,5,6.125,5,1,1,1,3.271,5,4,1,5,4,5.032,5,5,5,1,5.464,1.44,0,0,0.639,0.387,5.464,1.44,0,0,0.639
2,2,5,2,2,2,2.664,5,5,5,6.125,5,1,1,1,3.271,5,5,2,2,4,5.671,5,5,5,4,5.851,2,2,5,5,2,5,1.224,5,5,5,6.125,5,1,1,1,3.271,5,4,1,5,4,5.032,5,5,5,1,5.464,1.44,0,0,0.639,0.387,5.464,1.44,0,0,0.639
1,1,5,2,1,2,2.197,4,5,5,5.831,4,4,2,1,1.393,4,4,2,4,4,4.606,4,2,4,2,3.996,5,2,3,5,4,4,0.213,5,5,5,6.125,5,4,4,3,1.86,5,5,5,5,5,6.215,5,5,5,5,5.98,1.984,-0.294,-0.467,-1.609,-1.984,5.98,1.984,0.294,0.467,1.609
1,5,5,4,2,5,2.899,5,5,4,5.642,4,1,1,1,2.482,5,5,4,5,4,5.581,3,2,2,5,3.454,1,1,4,3,2,2,2.033,5,5,4,5.642,5,2,2,1,3.208,5,5,2,4,4,5.367,5,2,4,1,4.542,0.866,0,-0.726,0.214,-1.088,4.542,0.866,0,0.726,0.214
2,2,4,4,2,2,1.662,5,4,4,5.194,4,1,1,1,2.482,4,2,2,3,4,4.758,4,2,2,3,3.871,4,2,2,1,2,1,0.6,5,5,4,5.642,2,1,1,1,0.904,5,4,5,5,4,5.764,4,2,4,2,3.996,1.062,-0.448,1.578,-1.006,-0.125,3.996,1.062,0.448,1.578,1.006
2,2,5,1,2,2,2.896,5,5,5,6.125,5,1,1,1,3.271,5,5,2,4,4,5.367,5,5,5,5,5.98,1,1,1,2,1,4,-0.451,4,4,5,5.383,2,1,1,1,0.904,4,3,2,4,4,4.606,5,5,5,3,5.722,3.347,0.742,2.367,0.761,0.258,5.722,3.347,0.742,2.367,0.761
1,5,1,3,1,4,0.621,5,5,3,5.159,2,1,1,1,0.904,5,5,4,5,3,5.13,4,2,5,4,4.381,2,2,5,5,2,5,1.224,5,5,5,6.125,5,1,1,1,3.271,5,4,1,5,4,5.032,5,5,5,1,5.464,-0.603,-0.966,-2.367,0.098,-1.083,5.464,0.603,0.966,2.367,0.098
2,4,2,2,2,4,1.206,5,5,5,6.125,5,1,1,1,3.271,5,5,4,5,5,6.032,5,5,5,4,5.851,2,2,5,5,2,5,1.224,5,5,5,6.125,5,1,1,1,3.271,5,4,1,5,4,5.032,5,5,5,1,5.464,-0.018,0,0,1,0.387,5.464,0.018,0,0,1
1,5,1,3,1,4,0.621,5,5,3,5.159,2,1,1,1,0.904,5,5,4,5,3,5.13,4,2,5,4,4.381,2,2,5,5,2,5,1.224,5,5,5,6.125,5,1,1,1,3.271,5,4,1,5,4,5.032,5,5,5,1,5.464,-0.603,-0.966,-2.367,0.098,-1.083,5.464,0.603,0.966,2.367,0.098
1,5,1,3,1,4,0.621,5,5,3,5.159,2,1,1,1,0.904,5,5,4,5,3,5.13,4,2,5,4,4.381,2,2,2,1,2,1,1.53,5,5,5,6.125,5,1,1,1,3.271,5,4,4,5,5,6.032,5,5,5,1,5.464,-0.909,-0.966,-2.367,-0.902,-1.083,5.464,0.909,0.966,2.367,0.902
2,2,4,4,2,2,1.662,5,4,4,5.194,4,1,1,1,2.482,4,2,2,3,4,4.758,4,2,2,3,3.871,2,5,5,4,5,1,5.244,5,5,5,6.125,5,1,1,1,3.271,5,4,5,5,5,6.215,5,4,5,1,5.199,-3.582,-0.931,-0.789,-1.457,-1.328,5.199,3.582,0.931,0.789,1.457
2,2,4,4,2,4,1.166,1,3,2,2.604,3,3,3,2,0.956,4,3,3,2,4,5.093,2,4,5,3,3.432,4,5,5,5,4,5,2.484,2,5,4,4.76,4,4,5,4,0.91,4,5,5,5,4,5.003,4,5,4,2,4.791,-1.318,-2.156,0.046,0.09,-1.359,4.791,1.318,2.156,0.046,0.09
4,4,5,2,5,2,4.204,5,5,5,6.125,4,2,2,1,2.419,5,5,4,5,5,6.032,5,5,5,4,5.851,1,1,1,2,1,4,-0.451,4,4,5,5.383,2,1,1,1,0.904,4,3,2,4,4,4.606,5,5,5,3,5.722,4.655,0.742,1.515,1.426,0.129,5.722,4.655,0.742,1.515,1.426
1,4,5,4,4,1,4.777,5,5,5,6.125,2,1,2,1,1.354,5,4,5,5,5,6.215,5,5,5,4,5.851,1,1,1,2,1,4,-0.451,4,4,5,5.383,2,1,1,1,0.904,4,3,2,4,4,4.606,5,5,5,3,5.722,5.228,0.742,0.45,1.609,0.129,5.722,5.228,0.742,0.45,1.609
2,2,4,4,2,2,1.662,5,4,4,5.194,4,1,1,1,2.482,4,2,2,3,4,4.758,4,2,2,3,3.871,1,1,1,2,1,4,-0.451,4,4,5,5.383,2,1,1,1,0.904,4,3,2,4,4,4.606,5,5,5,3,5.722,2.113,-0.189,1.578,0.152,-1.851,5.722,2.113,0.189,1.578,0.152
2,4,2,2,2,4,1.206,5,5,5,6.125,5,1,1,1,3.271,5,5,4,5,5,6.032,5,5,5,4,5.851,1,1,1,2,1,4,-0.451,4,4,5,5.383,2,1,1,1,0.904,4,3,2,4,4,4.606,5,5,5,3,5.722,1.657,0.742,2.367,1.426,0.129,5.722,1.657,0.742,2.367,1.426
4,4,5,2,5,2,4.204,5,5,5,6.125,4,2,2,1,2.419,5,5,4,5,5,6.032,5,5,5,4,5.851,1,1,1,2,1,4,-0.451,4,4,5,5.383,2,1,1,1,0.904,4,3,2,4,4,4.606,5,5,5,3,5.722,4.655,0.742,1.515,1.426,0.129,5.722,4.655,0.742,1.515,1.426
1,4,5,4,4,1,4.777,5,5,5,6.125,2,1,2,1,1.354,5,4,5,5,5,6.215,5,5,5,4,5.851,1,1,1,2,1,4,-0.451,4,4,5,5.383,2,1,1,1,0.904,4,3,2,4,4,4.606,5,5,5,3,5.722,5.228,0.742,0.45,1.609,0.129,5.722,5.228,0.742,0.45,1.609
2,2,4,4,2,2,1.662,5,4,4,5.194,4,1,1,1,2.482,4,2,2,3,4,4.758,4,2,2,3,3.871,1,1,1,2,1,4,-0.451,4,4,5,5.383,2,1,1,1,0.904,4,3,2,4,4,4.606,5,5,5,3,5.722,2.113,-0.189,1.578,0.152,-1.851,5.722,2.113,0.189,1.578,0.152
2,4,2,2,2,4,1.206,5,5,5,6.125,5,1,1,1,3.271,5,5,4,5,5,6.032,5,5,5,4,5.851,1,1,1,2,1,4,-0.451,4,4,5,5.383,2,1,1,1,0.904,4,3,2,4,4,4.606,5,5,5,3,5.722,1.657,0.742,2.367,1.426,0.129,5.722,1.657,0.742,2.367,1.426
2,2,4,4,2,2,1.662,5,4,4,5.194,4,1,1,1,2.482,4,2,2,3,4,4.758,4,2,2,3,3.871,4,2,2,1,2,1,0.6,5,5,4,5.642,2,1,1,1,0.904,5,4,5,5,4,5.764,4,2,4,2,3.996,1.062,-0.448,1.578,-1.006,-0.125,3.996,1.062,0.448,1.578,1.006
2,2,4,4,2,2,1.662,5,4,4,5.194,4,1,1,1,2.482,4,2,2,3,4,4.758,4,2,2,3,3.871,4,2,2,1,2,1,0.6,5,5,4,5.642,2,1,1,1,0.904,5,4,5,5,4,5.764,4,2,4,2,3.996,1.062,-0.448,1.578,-1.006,-0.125,3.996,1.062,0.448,1.578,1.006
2,2,4,4,2,2,1.662,5,4,4,5.194,4,1,1,1,2.482,4,2,2,3,4,4.758,4,2,2,3,3.871,4,2,2,1,2,1,0.6,5,5,4,5.642,2,1,1,1,0.904,5,4,5,5,4,5.764,4,2,4,2,3.996,1.062,-0.448,1.578,-1.006,-0.125,3.996,1.062,0.448,1.578,1.006
2,2,4,4,2,2,1.662,5,4,4,5.194,4,1,1,1,2.482,4,2,2,3,4,4.758,4,2,2,3,3.871,4,2,2,1,2,1,0.6,5,5,4,5.642,2,1,1,1,0.904,5,4,5,5,4,5.764,4,2,4,2,3.996,1.062,-0.448,1.578,-1.006,-0.125,3.996,1.062,0.448,1.578,1.006
2,2,4,4,2,2,1.662,5,4,4,5.194,4,1,1,1,2.482,4,2,2,3,4,4.758,4,2,2,3,3.871,4,2,2,1,2,1,0.6,5,5,4,5.642,2,1,1,1,0.904,5,4,5,5,4,5.764,4,2,4,2,3.996,1.062,-0.448,1.578,-1.006,-0.125,3.996,1.062,0.448,1.578,1.006
2,2,4,4,2,2,1.662,5,4,4,5.194,4,1,1,1,2.482,4,2,2,3,4,4.758,4,2,2,3,3.871,4,2,2,1,2,1,0.6,5,5,4,5.642,2,1,1,1,0.904,5,4,5,5,4,5.764,4,2,4,2,3.996,1.062,-0.448,1.578,-1.006,-0.125,3.996,1.062,0.448,1.578,1.006
2,2,1,3,2,5,-0.464,3,3,2,3.192,4,3,3,3,1.134,4,5,4,5,5,5.271,5,5,5,4,5.851,2,2,5,5,2,5,1.224,5,5,5,6.125,5,1,1,1,3.271,5,4,1,5,4,5.032,5,5,5,1,5.464,-1.688,-2.933,-2.137,0.239,0.387,5.464,1.688,2.933,2.137,0.239
4,4,1,2,1,4,-0.868,3,4,2,3.64,4,1,1,1,2.482,4,5,3,5,5,5.088,3,2,4,3,3.45,2,2,5,5,2,5,1.224,5,5,5,6.125,5,1,1,1,3.271,5,4,1,5,4,5.032,5,5,5,1,5.464,-2.092,-2.485,-0.789,0.056,-2.014,5.464,2.092,2.485,0.789,0.056
1,1,1,2,1,1,0.293,5,5,5,6.125,2,3,1,3,-1.344,5,4,2,4,3,4.916,2,2,1,3,2.394,4,1,1,2,1,1,-1.102,4,4,4,4.9,2,1,1,1,0.904,4,3,2,5,3,4.003,5,2,3,4,4.802,1.395,1.225,-2.248,0.913,-2.408,4.802,1.395,1.225,2.248,0.913
1,1,1,2,1,1,0.293,5,5,5,6.125,2,3,1,3,-1.344,5,4,2,4,3,4.916,2,2,1,3,2.394,4,1,1,2,1,1,-1.102,4,4,4,4.9,2,1,1,1,0.904,4,3,2,5,3,4.003,5,2,3,4,4.802,1.395,1.225,-2.248,0.913,-2.408,4.802,1.395,1.225,2.248,0.913
1,1,1,2,1,1,0.293,5,5,5,6.125,2,3,1,3,-1.344,5,4,2,4,3,4.916,2,2,1,3,2.394,4,1,1,2,1,1,-1.102,4,4,4,4.9,2,1,1,1,0.904,4,3,2,5,3,4.003,5,2,3,4,4.802,1.395,1.225,-2.248,0.913,-2.408,4.802,1.395,1.225,2.248,0.913
1,1,1,2,1,1,0.293,5,5,5,6.125,2,3,1,3,-1.344,5,4,2,4,3,4.916,2,2,1,3,2.394,2,5,5,4,5,1,5.244,5,5,5,6.125,5,1,1,1,3.271,5,4,5,5,5,6.215,5,4,5,1,5.199,-4.951,0,-4.615,-1.299,-2.805,5.199,4.951,0,4.615,1.299
1,1,1,2,1,1,0.293,5,5,5,6.125,2,3,1,3,-1.344,5,4,2,4,3,4.916,2,2,1,3,2.394,2,5,5,4,5,1,5.244,5,5,5,6.125,5,1,1,1,3.271,5,4,5,5,5,6.215,5,4,5,1,5.199,-4.951,0,-4.615,-1.299,-2.805,5.199,4.951,0,4.615,1.299
2,4,2,2,2,4,1.206,5,5,5,6.125,5,1,1,1,3.271,5,5,4,5,5,6.032,5,5,5,4,5.851,1,1,3,4,1,4,0.161,5,5,5,6.125,4,3,3,3,1.134,4,3,1,4,2,3.521,4,2,4,5,4.383,1.045,0,2.137,2.511,1.468,4.383,1.045,0,2.137,2.511
2,4,2,2,2,4,1.206,5,5,5,6.125,5,1,1,1,3.271,5,5,4,5,5,6.032,5,5,5,4,5.851,1,1,3,4,1,4,0.161,5,5,5,6.125,4,3,3,3,1.134,4,3,1,4,2,3.521,4,2,4,5,4.383,1.045,0,2.137,2.511,1.468,4.383,1.045,0,2.137,2.511
2,4,2,2,2,4,1.206,5,5,5,6.125,5,1,1,1,3.271,5,5,4,5,5,6.032,5,5,5,4,5.851,1,1,3,4,1,4,0.161,5,5,5,6.125,4,3,3,3,1.134,4,3,1,4,2,3.521,4,2,4,5,4.383,1.045,0,2.137,2.511,1.468,4.383,1.045,0,2.137,2.511
2,4,2,2,2,4,1.206,5,5,5,6.125,5,1,1,1,3.271,5,5,4,5,5,6.032,5,5,5,4,5.851,1,1,1,2,1,1,0.293,5,5,5,6.125,2,3,1,3,-1.344,5,2,2,4,3,4.916,2,2,1,3,2.394,0.913,0,4.615,1.116,3.457,2.394,0.913,0,4.615,1.116
2,4,2,2,2,4,1.206,5,5,5,6.125,5,1,1,1,3.271,5,5,4,5,5,6.032,5,5,5,4,5.851,1,1,1,2,1,1,0.293,5,5,5,6.125,2,3,1,3,-1.344,5,2,2,4,3,4.916,2,2,1,3,2.394,0.913,0,4.615,1.116,3.457,2.394,0.913,0,4.615,1.116
2,4,2,2,2,4,1.206,5,5,5,6.125,5,1,1,1,3.271,5,5,4,5,5,6.032,5,5,5,4,5.851,1,1,1,2,1,1,0.293,5,5,5,6.125,2,3,1,3,-1.344,5,2,2,4,3,4.916,2,2,1,3,2.394,0.913,0,4.615,1.116,3.457,2.394,0.913,0,4.615,1.116
2,4,2,2,2,4,1.206,5,5,5,6.125,5,1,1,1,3.271,5,5,4,5,5,6.032,5,5,5,4,5.851,1,1,1,2,1,1,0.293,5,5,5,6.125,2,3,1,3,-1.344,5,2,2,4,3,4.916,2,2,1,3,2.394,0.913,0,4.615,1.116,3.457,2.394,0.913,0,4.615,1.116
2,4,2,2,2,4,1.206,5,5,5,6.125,5,1,1,1,3.271,5,5,4,5,5,6.032,5,5,5,4,5.851,1,1,1,2,1,1,0.293,5,5,5,6.125,2,3,1,3,-1.344,5,2,2,4,3,4.916,2,2,1,3,2.394,0.913,0,4.615,1.116,3.457,2.394,0.913,0,4.615,1.116
2,4,2,2,2,4,1.206,5,5,5,6.125,5,1,1,1,3.271,5,5,4,5,5,6.032,5,5,5,4,5.851,2,2,4,4,2,4,1.166,5,4,4,5.194,4,1,1,1,2.482,4,4,2,2,4,4.91,4,2,2,2,3.742,0.04,0.931,0.789,1.122,2.109,3.742,0.04,0.931,0.789,1.122
5,5,4,2,2,4,1.213,5,5,4,5.642,3,1,1,1,1.693,5,4,3,4,4,5.55,5,2,2,4,4.675,2,2,4,4,2,4,1.166,5,4,4,5.194,4,1,1,1,2.482,4,4,2,2,4,4.91,4,2,2,2,3.742,0.047,0.448,-0.789,0.64,0.933,3.742,0.047,0.448,0.789,0.64
5,5,4,2,2,4,1.213,5,5,4,5.642,3,1,1,1,1.693,5,4,3,4,4,5.55,5,2,2,4,4.675,2,2,3,5,2,5,0.148,5,5,5,6.125,5,1,1,1,3.271,5,4,1,5,4,5.032,5,5,5,1,5.464,1.065,-0.483,-1.578,0.518,-0.789,5.464,1.065,0.483,1.578,0.518
5,5,4,2,2,4,1.213,5,5,4,5.642,3,1,1,1,1.693,5,4,3,4,4,5.55,5,2,2,4,4.675,2,2,5,5,2,5,1.224,5,5,5,6.125,5,1,1,1,3.271,5,4,1,5,4,5.032,5,5,5,1,5.464,-0.011,-0.483,-1.578,0.518,-0.789,5.464,0.011,0.483,1.578,0.518
5,5,4,2,2,4,1.213,5,5,4,5.642,3,1,1,1,1.693,5,4,3,4,4,5.55,5,2,2,4,4.675,2,2,5,5,2,5,1.224,5,5,5,6.125,5,1,1,1,3.271,5,4,1,5,4,5.032,5,5,5,1,5.464,-0.011,-0.483,-1.578,0.518,-0.789,5.464,0.011,0.483,1.578,0.518
2,4,2,2,2,4,1.206,5,5,5,6.125,5,1,1,1,3.271,5,5,4,5,5,6.032,5,5,5,4,5.851,2,2,4,4,2,4,1.166,5,4,4,5.194,4,1,1,1,2.482,4,4,2,2,4,4.91,4,2,2,2,3.742,0.04,0.931,0.789,1.122,2.109,3.742,0.04,0.931,0.789,1.122
5,5,4,2,2,4,1.213,5,5,4,5.642,3,1,1,1,1.693,5,4,3,4,4,5.55,5,2,2,4,4.675,2,2,5,5,2,5,1.224,5,5,5,6.125,5,1,1,1,3.271,5,4,1,5,4,5.032,5,5,5,1,5.464,-0.011,-0.483,-1.578,0.518,-0.789,5.464,0.011,0.483,1.578,0.518
5,5,4,2,2,4,1.213,5,5,4,5.642,3,1,1,1,1.693,5,4,3,4,4,5.55,5,2,2,4,4.675,2,2,2,1,2,2,1.282,5,5,5,6.125,1,1,1,1,0.115,5,4,3,5,4,5.398,5,2,2,1,4.288,-0.069,-0.483,1.578,0.152,0.387,4.288,0.069,0.483,1.578,0.152
1,1,1,3,1,4,-0.683,4,4,5,5.383,2,3,4,1,1.228,4,4,4,4,2,4.07,4,2,4,4,4.254,2,2,5,5,2,5,1.224,5,5,5,6.125,5,1,1,1,3.271,5,4,1,5,4,5.032,5,5,5,1,5.464,-1.907,-0.742,-2.043,-0.962,-1.21,5.464,1.907,0.742,2.043,0.962
2,4,2,2,2,4,1.206,5,5,5,6.125,5,1,1,1,3.271,5,5,4,5,5,6.032,5,5,5,4,5.851,2,2,4,4,2,4,1.166,5,4,4,5.194,4,1,1,1,2.482,4,4,2,2,4,4.91,4,2,2,2,3.742,0.04,0.931,0.789,1.122,2.109,3.742,0.04,0.931,0.789,1.122
5,4,2,1,2,3,0.291,5,5,5,6.125,5,1,2,1,3.721,5,5,5,5,5,6.215,5,5,5,5,5.98,1,1,1,5,1,4,-1.147,4,4,2,3.934,4,2,2,1,2.419,5,3,1,2,4,5.488,4,2,4,5,4.383,1.438,2.191,1.302,0.727,1.597,4.383,1.438,2.191,1.302,0.727
2,2,5,2,2,2,2.664,5,4,5,5.677,5,1,1,1,3.271,5,4,2,2,4,5.671,5,5,5,3,5.722,1,1,4,4,2,3,1.553,4,4,3,4.417,2,1,1,1,0.904,4,3,4,4,2,4.07,4,2,2,5,4.129,1.111,1.26,2.367,1.601,1.593,4.129,1.111,1.26,2.367,1.601
2,4,2,2,2,4,1.206,5,5,5,6.125,5,1,1,1,3.271,5,5,4,5,5,6.032,5,5,5,4,5.851,2,2,4,4,2,4,1.166,5,4,4,5.194,4,1,1,1,2.482,4,4,2,2,4,4.91,4,2,2,2,3.742,0.04,0.931,0.789,1.122,2.109,3.742,0.04,0.931,0.789,1.122
5,2,1,2,2,3,-1.131,5,5,5,6.125,5,3,3,1,3.145,5,4,5,5,5,6.215,5,5,5,2,5.593,1,1,1,5,1,4,-1.147,4,4,2,3.934,4,2,2,1,2.419,5,3,1,2,4,5.488,4,2,4,5,4.383,0.016,2.191,0.726,0.727,1.21,4.383,0.016,2.191,0.726,0.727
2,2,5,2,2,2,2.664,5,4,5,5.677,5,1,1,1,3.271,5,4,2,2,4,5.671,5,5,5,3,5.722,1,1,2,4,2,4,0.229,4,4,3,4.417,4,1,1,1,2.482,4,4,2,4,2,3.704,4,3,3,5,4.521,2.435,1.26,0.789,1.967,1.201,4.521,2.435,1.26,0.789,1.967
2,4,2,2,2,4,1.206,5,5,5,6.125,5,1,1,1,3.271,5,5,4,5,5,6.032,5,5,5,4,5.851,2,2,4,4,2,4,1.166,5,4,4,5.194,4,1,1,1,2.482,4,4,2,2,4,4.91,4,2,2,2,3.742,0.04,0.931,0.789,1.122,2.109,3.742,0.04,0.931,0.789,1.122
2,4,2,2,2,4,1.206,5,5,5,6.125,5,1,1,1,3.271,5,5,4,5,5,6.032,5,5,5,4,5.851,2,2,4,4,2,4,1.166,5,4,4,5.194,4,1,1,1,2.482,4,4,2,2,4,4.91,4,2,2,2,3.742,0.04,0.931,0.789,1.122,2.109,3.742,0.04,0.931,0.789,1.122
2,2,5,2,2,2,2.664,5,4,5,5.677,5,1,1,1,3.271,5,4,2,2,4,5.671,5,5,5,3,5.722,1,1,2,4,2,4,0.229,4,4,3,4.417,4,1,1,1,2.482,4,4,2,4,2,3.704,4,3,3,5,4.521,2.435,1.26,0.789,1.967,1.201,4.521,2.435,1.26,0.789,1.967
2,4,2,2,2,4,1.206,5,5,5,6.125,5,1,1,1,3.271,5,5,4,5,5,6.032,5,5,5,4,5.851,2,2,4,4,2,4,1.166,5,4,4,5.194,4,1,1,1,2.482,4,4,2,2,4,4.91,4,2,2,2,3.742,0.04,0.931,0.789,1.122,2.109,3.742,0.04,0.931,0.789,1.122
2,2,5,2,2,2,2.664,5,4,5,5.677,5,1,1,1,3.271,5,4,2,2,4,5.671,5,5,5,3,5.722,1,1,4,4,2,3,1.553,4,4,3,4.417,2,1,1,1,0.904,4,3,4,4,2,4.07,4,2,2,5,4.129,1.111,1.26,2.367,1.601,1.593,4.129,1.111,1.26,2.367,1.601
2,2,1,3,2,5,-0.464,3,3,2,3.192,4,3,3,3,1.134,4,5,4,5,5,5.271,5,5,5,4,5.851,2,2,4,4,2,4,1.166,5,4,4,5.194,4,1,1,1,2.482,4,4,2,2,4,4.91,4,2,2,2,3.742,-1.63,-2.002,-1.348,0.361,2.109,3.742,1.63,2.002,1.348,0.361
2,4,2,2,2,4,1.206,5,5,5,6.125,5,1,1,1,3.271,5,5,4,5,5,6.032,5,5,5,4,5.851,2,2,4,4,2,4,1.166,5,4,4,5.194,4,1,1,1,2.482,4,4,2,2,4,4.91,4,2,2,2,3.742,0.04,0.931,0.789,1.122,2.109,3.742,0.04,0.931,0.789,1.122
2,2,1,3,2,5,-0.464,3,3,2,3.192,4,3,3,3,1.134,4,5,4,5,5,5.271,5,5,5,4,5.851,2,2,4,4,2,4,1.166,5,4,4,5.194,4,1,1,1,2.482,4,4,2,2,4,4.91,4,2,2,2,3.742,-1.63,-2.002,-1.348,0.361,2.109,3.742,1.63,2.002,1.348,0.361
2,4,2,2,2,4,1.206,5,5,5,6.125,4,4,4,2,1.682,5,5,3,5,4,5.398,5,3,3,2,4.809,2,2,4,4,2,4,1.166,5,4,4,5.194,4,1,1,1,2.482,4,4,2,2,4,4.91,4,2,2,2,3.742,0.04,0.931,-0.8,0.488,1.067,3.742,0.04,0.931,0.8,0.488
2,4,2,2,2,4,1.206,5,5,5,6.125,4,4,4,2,1.682,5,5,3,5,4,5.398,5,3,3,2,4.809,1,1,1,3,1,4,-0.683,4,4,5,5.383,2,3,4,1,1.228,4,3,2,4,2,3.704,4,2,4,1,3.867,1.889,0.742,0.454,1.694,0.942,3.867,1.889,0.742,0.454,1.694
2,4,2,2,2,4,1.206,5,5,5,6.125,4,4,4,2,1.682,5,5,3,5,4,5.398,5,3,3,2,4.809,1,1,5,5,1,5,0.757,5,5,5,6.125,1,4,5,2,-0.235,5,3,2,5,3,4.764,5,5,5,2,5.593,0.449,0,1.917,0.634,-0.784,5.593,0.449,0,1.917,0.634
2,4,2,2,2,4,1.206,5,5,5,6.125,4,4,4,2,1.682,5,5,3,5,4,5.398,5,3,3,2,4.809,1,1,4,2,1,2,1.659,4,4,5,5.383,5,1,1,1,3.271,4,5,4,4,5,5.423,5,2,5,1,4.669,-0.453,0.742,-1.589,-0.025,0.14,4.669,0.453,0.742,1.589,0.025
2,4,2,2,2,4,1.206,5,5,5,6.125,4,4,4,2,1.682,5,5,3,5,4,5.398,5,3,3,2,4.809,1,1,4,2,1,2,1.659,4,4,5,5.383,5,1,1,1,3.271,4,5,4,4,5,5.423,5,2,5,1,4.669,-0.453,0.742,-1.589,-0.025,0.14,4.669,0.453,0.742,1.589,0.025
2,4,2,2,2,4,1.206,5,5,5,6.125,4,4,4,2,1.682,5,5,3,5,4,5.398,5,3,3,2,4.809,1,1,5,5,1,5,0.757,5,5,5,6.125,1,4,5,2,-0.235,5,3,2,5,3,4.764,5,5,5,2,5.593,0.449,0,1.917,0.634,-0.784,5.593,0.449,0,1.917,0.634
1,4,1,2,2,2,1.629,4,4,4,4.9,2,1,1,1,0.904,5,4,3,4,1,4.197,3,2,2,2,3.067,2,2,5,5,2,5,1.224,5,5,5,6.125,5,1,1,1,3.271,5,4,1,5,4,5.032,5,5,5,1,5.464,0.405,-1.225,-2.367,-0.835,-2.397,5.464,0.405,1.225,2.367,0.835
1,5,1,3,1,4,0.621,4,4,3,4.417,2,1,1,1,0.904,5,5,4,5,3,5.13,4,2,5,4,4.381,1,1,3,2,2,1,1.975,4,4,5,5.383,2,1,1,1,0.904,5,3,1,4,3,4.733,5,4,3,2,5.074,-1.354,-0.966,0,0.397,-0.693,5.074,1.354,0.966,0,0.397
1,5,1,3,1,4,0.621,4,4,3,4.417,2,1,1,1,0.904,5,5,4,5,3,5.13,4,2,5,4,4.381,2,2,5,5,2,5,1.224,5,5,5,6.125,5,1,1,1,3.271,5,4,1,5,4,5.032,5,5,5,1,5.464,-0.603,-1.708,-2.367,0.098,-1.083,5.464,0.603,1.708,2.367,0.098
1,1,1,2,1,4,-0.451,2,4,1,2.863,2,1,3,3,0.582,5,5,3,5,4,5.398,4,2,4,4,4.254,2,2,5,5,2,5,1.224,5,5,5,6.125,5,1,1,1,3.271,5,4,1,5,4,5.032,5,5,5,1,5.464,-1.675,-3.262,-2.689,0.366,-1.21,5.464,1.675,3.262,2.689,0.366
1,1,1,2,1,4,-0.451,2,4,1,2.863,2,1,3,3,0.582,5,5,3,5,4,5.398,4,2,4,4,4.254,2,2,5,5,2,5,1.224,5,5,5,6.125,5,1,1,1,3.271,5,4,1,5,4,5.032,5,5,5,1,5.464,-1.675,-3.262,-2.689,0.366,-1.21,5.464,1.675,3.262,2.689,0.366
2,2,5,1,2,2,2.896,5,5,5,6.125,5,1,1,1,3.271,5,5,2,4,4,5.367,5,5,5,5,5.98,1,1,2,4,2,1,0.973,2,5,1,3.311,3,1,4,1,3.043,5,1,1,5,1,3.679,5,2,2,5,4.804,1.923,2.814,0.228,1.688,1.176,4.804,1.923,2.814,0.228,1.688
1,4,1,2,2,2,1.629,4,4,4,4.9,2,1,1,1,0.904,5,4,3,4,1,4.197,3,2,2,2,3.067,2,2,5,5,2,5,1.224,5,5,5,6.125,5,1,1,1,3.271,5,4,1,5,4,5.032,5,5,5,1,5.464,0.405,-1.225,-2.367,-0.835,-2.397,5.464,0.405,1.225,2.367,0.835
2,2,5,1,2,2,2.896,5,5,5,6.125,5,1,1,1,3.271,5,5,2,4,4,5.367,5,5,5,5,5.98,1,1,2,4,2,1,0.973,2,5,1,3.311,3,1,4,1,3.043,5,1,1,5,1,3.679,5,2,2,5,4.804,1.923,2.814,0.228,1.688,1.176,4.804,1.923,2.814,0.228,1.688
5,2,5,2,5,2,3.087,5,5,5,6.125,4,1,2,1,2.932,5,5,4,5,5,6.032,5,5,5,2,5.593,2,2,5,5,2,5,1.224,5,5,5,6.125,5,1,1,1,3.271,5,4,1,5,4,5.032,5,5,5,1,5.464,1.863,0,-0.339,1,0.129,5.464,1.863,0,0.339,1
5,2,5,2,5,2,3.087,5,5,5,6.125,4,1,2,1,2.932,5,5,4,5,5,6.032,5,5,5,2,5.593,2,2,5,5,2,5,1.224,5,5,5,6.125,5,1,1,1,3.271,5,4,1,5,4,5.032,5,5,5,1,5.464,1.863,0,-0.339,1,0.129,5.464,1.863,0,0.339,1
5,2,5,2,5,2,3.087,5,5,5,6.125,4,1,2,1,2.932,5,5,4,5,5,6.032,5,5,5,2,5.593,2,2,5,5,2,5,1.224,5,5,5,6.125,5,1,1,1,3.271,5,4,1,5,4,5.032,5,5,5,1,5.464,1.863,0,-0.339,1,0.129,5.464,1.863,0,0.339,1
2,2,1,3,2,5,-0.464,2,2,2,2.45,3,3,3,1,1.567,4,5,4,5,4,4.82,4,1,3,4,3.862,5,5,3,5,3,5,0.337,5,5,5,6.125,4,3,3,3,1.134,5,5,5,5,5,6.215,5,3,5,5,5.45,-0.801,-3.675,0.433,-1.395,-1.588,5.45,0.801,3.675,0.433,1.395
2,4,2,2,2,4,1.206,2,4,3,3.829,2,5,5,3,-0.57,4,5,4,5,3,4.369,5,4,5,2,5.328,3,2,3,2,4,5,1.591,2,4,5,4.795,4,4,4,2,1.682,4,2,3,3,4,4.941,4,4,4,2,4.526,-0.385,-0.966,-2.252,-0.572,0.802,4.526,0.385,0.966,2.252,0.572
